Country,Year,Population,Crude birth rate,Crude death rate,Crude rate of net migration plus statistical adjustment
Andorra,1986,44593,11.9,,
Andorra,1987,46976,11.0,,
Andorra,1988,48451,11.6,,
Andorra,1989,50528,12.5,,
Andorra,1990,50887,11.9,,
Andorra,1991,54507,11.9,,
Andorra,1992,59048,12.1,,
Andorra,1993,61599,11.4,,
Andorra,1994,65226,10.9,,
Andorra,1995,64311,11.0,,
Andorra,1996,63859,10.9,,
Andorra,1997,64479,11.2,,
Andorra,1998,65306,11.9,,
Andorra,1999,65877,12.6,,
Andorra,2000,65971,11.3,,
Andorra,2001,65844,11.8,,
Andorra,2002,66334,11.2,,
Andorra,2003,67159,10.3,,
Andorra,2004,72320,10.9,3.8,53.9
Andorra,2005,76875,10.7,3.6,14.4
Andorra,2006,78549,10.6,3.3,26.2
Andorra,2007,81222,10.1,2.8,16.1
Andorra,2008,83137,10.4,2.8,8.5
Andorra,2009,84484,9.9,3.2,-11.5
Andorra,2010,84082,9.8,2.8,4.1
Andorra,2011,78115,,,
Andorra,2012,78115,9.5,3.9,-29.8
Andorra,2013,76246,,,
Andorra,2019,76177,7.0,3.9,14.7
Albania,1960,1583800,43.3,10.4,-1.8
Albania,1961,1633800,41.2,9.3,-0.6
Albania,1962,1685800,39.3,10.7,1.3
Albania,1963,1736838,39.1,10.0,0.1
Albania,1964,1788404,37.8,8.7,-0.7
Albania,1965,1839866,35.2,9.0,0.5
Albania,1966,1889715,34.0,8.6,0.6
Albania,1967,1939430,35.2,8.4,-0.2
Albania,1968,1991765,35.5,8.0,2.6
Albania,1969,2052778,35.3,7.5,0.0
Albania,1970,2110612,32.5,9.3,0.0
Albania,1971,2160345,33.3,8.1,0.0
Albania,1972,2215361,32.8,8.1,0.0
Albania,1973,2270891,30.4,7.9,0.0
Albania,1974,2322613,30.6,7.2,0.0
Albania,1975,2377635,29.4,6.8,0.0
Albania,1976,2432027,28.7,7.1,0.0
Albania,1977,2485025,29.2,6.5,0.0
Albania,1978,2542066,27.5,6.3,-2.3
Albania,1979,2590466,27.5,6.7,0.0
Albania,1980,2645198,26.5,6.4,0.0
Albania,1981,2698795,26.5,6.6,0.1
Albania,1982,2753316,27.7,5.9,0.4
Albania,1983,2815239,25.9,6.1,0.4
Albania,1984,2872681,27.3,5.7,0.3
Albania,1985,2936177,26.2,5.8,-1.1
Albania,1986,2993347,25.3,5.7,-0.2
Albania,1987,3051923,25.8,5.6,0.3
Albania,1988,3115286,25.5,5.4,-2.9
Albania,1989,3169386,24.6,5.7,7.6
Albania,1990,3286500,25.1,5.6,-12.1
Albania,1991,3259814,23.8,5.5,-38.1
Albania,1992,3190103,23.4,5.6,-10.2
Albania,1993,3167478,21.1,5.6,-35.5
Albania,1994,3220310,22.6,5.8,-9.2
Albania,1995,3248836,22.8,5.7,-37.3
Albania,1996,3283000,21.7,5.6,-8.3
Albania,1997,3324317,19.7,5.8,-34.4
Albania,1998,3354341,19.3,5.9,-5.6
Albania,1999,3373445,18.8,5.4,-34.1
Albania,2000,3058497,16.7,5.4,-9.3
Albania,2001,3063318,17.4,5.2,-14.3
Albania,2002,3057018,13.9,5.3,-12.6
Albania,2003,3044993,14.9,5.9,-12.5
Albania,2004,3034231,13.5,5.9,-12.5
Albania,2005,3019634,12.9,5.7,-12.6
Albania,2006,3003329,12.0,5.6,-13.6
Albania,2007,2981755,11.6,4.9,-14.6
Albania,2008,2958266,11.3,5.4,-13.4
Albania,2009,2936355,11.7,7.0,-10.7
Albania,2010,2918674,11.7,6.9,-8.7
Albania,2011,2907361,11.8,6.9,-6.4
Albania,2012,2903008,12.2,7.2,-6.8
Albania,2013,2897770,12.3,7.1,-7.1
Albania,2014,2892394,12.4,7.1,-7.5
Albania,2015,2885796,11.4,7.8,-7.1
Albania,2016,2875592,11.0,7.4,-3.2
Albania,2017,2876591,10.7,7.7,-5.2
Albania,2018,2870324,10.1,7.6,-5.2
Albania,2019,2862427,10.0,7.7,-8.1
Albania,2020,2845955,9.9,9.7,-5.9
Albania,2021,2829741,9.7,10.9,-11.7
Albania,2022,2793592,8.9,8.6,-11.7
Albania,2023,2761785,,,
Armenia,2000,3226900,10.6,7.5,-6.8
Armenia,2001,3215300,10.0,7.5,-3.3
Armenia,2002,3212900,10.0,8.0,-2.9
Armenia,2003,3210300,11.1,8.1,-2.5
Armenia,2004,3212200,11.7,8.0,-2.6
Armenia,2005,3215800,11.7,8.2,-2.4
Armenia,2006,3219234,11.7,8.4,-2.1
Armenia,2007,3222953,12.4,8.3,-1.9
Armenia,2008,3230086,12.7,8.5,-1.8
Armenia,2009,3237976,13.7,8.5,-1.6
Armenia,2010,3249482,13.8,8.6,-1.1
Armenia,2011,3262650,13.3,8.6,-1.1
Armenia,2012,3274285,,,
Armenia,2015,3010598,13.9,9.3,-8.6
Armenia,2016,2998577,13.6,9.4,-8.3
Armenia,2017,2986151,12.7,9.1,-8.0
Armenia,2018,2972732,12.3,8.7,-6.2
Armenia,2019,2965269,12.2,8.8,-5.2
Armenia,2020,2959694,12.3,12.2,1.1
Armenia,2021,2963251,,,
Armenia,2023,2977130,12.3,8.1,0.6
Austria,1960,7030385,17.9,12.7,-0.3
Austria,1961,7064693,18.6,12.1,-0.4
Austria,1962,7107904,18.7,12.7,0.2
Austria,1963,7151824,18.8,12.8,0.7
Austria,1964,7199798,18.5,12.3,0.4
Austria,1965,7247804,17.9,13.0,1.4
Austria,1966,7293973,17.6,12.5,2.6
Austria,1967,7350159,17.3,12.9,2.9
Austria,1968,7403837,17.0,12.9,-0.9
Austria,1969,7426968,16.3,13.3,0.7
Austria,1970,7455142,15.0,13.2,1.4
Austria,1971,7479030,14.5,13.0,4.2
Austria,1972,7521933,13.8,12.6,4.7
Austria,1973,7566469,12.9,12.2,4.5
Austria,1974,7605760,12.8,12.4,-2.2
Austria,1975,7592316,12.4,12.7,-3.2
Austria,1976,7565489,11.6,12.6,1.0
Austria,1977,7565561,11.3,12.2,1.7
Austria,1978,7571299,11.3,12.5,-1.2
Austria,1979,7553310,11.4,12.2,-0.3
Austria,1980,7545539,12.0,12.2,1.2
Austria,1981,7553326,12.4,12.2,3.9
Austria,1982,7584094,12.5,12.1,-3.1
Austria,1983,7564185,11.9,12.3,-0.2
Austria,1984,7559635,11.8,11.7,0.4
Austria,1985,7563233,11.6,11.8,0.7
Austria,1986,7566736,11.5,11.5,0.8
Austria,1987,7572852,11.4,11.2,0.2
Austria,1988,7576319,11.6,11.0,1.7
Austria,1989,7594315,11.6,10.9,5.9
Austria,1990,7644818,11.8,10.8,7.6
Austria,1991,7710882,12.2,10.8,9.9
Austria,1992,7798899,12.2,10.6,9.1
Austria,1993,7882519,12.0,10.4,4.2
Austria,1994,7928746,11.6,10.2,0.4
Austria,1995,7943489,11.2,10.2,0.3
Austria,1996,7953067,11.2,10.2,0.5
Austria,1997,7964966,10.5,10.0,0.2
Austria,1998,7971116,10.2,9.8,1.1
Austria,1999,7982461,9.8,9.8,2.5
Austria,2000,8002186,9.8,9.6,2.2
Austria,2001,8020946,9.4,9.3,5.2
Austria,2002,8063640,9.7,9.4,4.3
Austria,2003,8100273,9.5,9.5,5.2
Austria,2004,8142573,9.7,9.1,6.6
Austria,2005,8201359,9.5,9.1,6.1
Austria,2006,8254298,9.4,9.0,3.0
Austria,2007,8282984,9.2,9.0,2.8
Austria,2008,8307989,9.3,9.0,2.9
Austria,2009,8335003,9.2,9.3,2.1
Austria,2010,8351643,9.4,9.2,2.6
Austria,2011,8375164,9.3,9.1,3.7
Austria,2012,8408121,9.4,9.4,5.2
Austria,2013,8451860,9.4,9.4,6.6
Austria,2014,8507786,9.6,9.2,8.6
Austria,2015,8584926,9.8,9.6,13.2
Austria,2016,8700471,10.0,9.2,7.5
Austria,2017,8772865,10.0,9.5,5.1
Austria,2018,8822267,9.7,9.5,4.0
Austria,2019,8858775,9.6,9.4,4.6
Austria,2020,8901064,9.4,10.3,4.4
Austria,2021,8932664,9.6,10.3,5.8
Austria,2022,8978929,9.1,10.3,15.1
Austria,2023,9104772,8.5,9.8,7.2
Azerbaijan,2000,8016200,14.5,5.8,-0.7
Azerbaijan,2001,8081000,13.6,5.6,-0.6
Azerbaijan,2002,8141400,13.5,5.7,-0.4
Azerbaijan,2003,8202500,13.8,6.0,-0.2
Azerbaijan,2004,8265700,15.8,6.0,-0.1
Azerbaijan,2005,8347300,16.9,6.2,-0.1
Azerbaijan,2006,8436400,17.6,6.2,0.0
Azerbaijan,2007,8532700,17.7,6.3,-0.1
Azerbaijan,2008,8629900,17.4,6.0,19.1
Azerbaijan,2009,8896900,17.0,5.9,0.1
Azerbaijan,2010,8997586,18.3,5.9,0.2
Azerbaijan,2011,9111078,19.2,5.9,0.2
Azerbaijan,2012,9235085,18.8,5.9,0.2
Azerbaijan,2013,9356483,18.3,5.8,0.2
Azerbaijan,2014,9477119,17.9,5.8,0.1
Azerbaijan,2015,9593038,17.2,5.7,0.1
Azerbaijan,2016,9705643,16.3,5.8,0.2
Azerbaijan,2017,9809981,14.6,5.8,0.1
Azerbaijan,2018,9898085,14.0,5.8,0.2
Azerbaijan,2019,9981457,14.1,5.6,0.0
Azerbaijan,2020,10067108,12.5,7.5,0.1
Azerbaijan,2021,10119133,11.1,7.6,0.2
Azerbaijan,2022,10156366,12.1,6.0,-9.0
Bosnia and Herzegovina,1960,3212349,34.1,10.3,-7.4
Bosnia and Herzegovina,1961,3265629,32.8,8.9,-4.4
Bosnia and Herzegovina,1962,3329909,31.7,9.2,0.1
Bosnia and Herzegovina,1963,3406130,30.3,8.5,-0.2
Bosnia and Herzegovina,1964,3480448,28.8,8.5,0.4
Bosnia and Herzegovina,1965,3553053,28.2,7.7,0.4
Bosnia and Herzegovina,1966,3627922,26.7,6.9,0.1
Bosnia and Herzegovina,1967,3700916,24.9,7.0,-0.1
Bosnia and Herzegovina,1968,3767185,23.8,6.9,-25.5
Bosnia and Herzegovina,1969,3734546,23.6,7.5,-29.3
Bosnia and Herzegovina,1970,3685694,21.4,7.1,-2.0
Bosnia and Herzegovina,1971,3731216,22.0,6.6,0.0
Bosnia and Herzegovina,1972,3789131,21.5,7.0,0.2
Bosnia and Herzegovina,1973,3845048,20.1,6.4,-0.1
Bosnia and Herzegovina,1974,3898064,19.8,6.0,-0.4
Bosnia and Herzegovina,1975,3950628,19.8,6.4,0.2
Bosnia and Herzegovina,1976,4004830,19.6,6.2,0.1
Bosnia and Herzegovina,1977,4059247,18.5,6.1,0.0
Bosnia and Herzegovina,1978,4110203,17.7,6.3,0.1
Bosnia and Herzegovina,1979,4157746,17.1,6.1,-16.0
Bosnia and Herzegovina,1980,4136941,17.2,6.3,-16.4
Bosnia and Herzegovina,1981,4114030,17.2,6.3,-0.1
Bosnia and Herzegovina,1982,4158361,17.6,6.4,-0.4
Bosnia and Herzegovina,1983,4203208,17.6,7.1,0.3
Bosnia and Herzegovina,1984,4248746,17.5,6.8,-0.1
Bosnia and Herzegovina,1985,4293863,16.9,6.7,-0.1
Bosnia and Herzegovina,1986,4337350,16.3,6.7,0.0
Bosnia and Herzegovina,1987,4379545,16.1,6.7,0.1
Bosnia and Herzegovina,1988,4421373,15.9,6.7,-0.2
Bosnia and Herzegovina,1989,4461498,14.9,6.8,0.3
Bosnia and Herzegovina,1990,4499203,14.8,6.5,-4.2
Bosnia and Herzegovina,1991,4517921,14.5,6.9,-37.2
Bosnia and Herzegovina,1997,3727439,13.2,7.7,-54.4
Bosnia and Herzegovina,1998,3549736,12.4,7.9,34.0
Bosnia and Herzegovina,2000,3753085,10.5,8.1,7.3
Bosnia and Herzegovina,2001,3789717,9.9,8.0,4.2
Bosnia and Herzegovina,2002,3813167,9.5,8.1,3.0
Bosnia and Herzegovina,2003,3830349,9.2,8.3,0.9
Bosnia and Herzegovina,2004,3837414,8.9,8.3,0.7
Bosnia and Herzegovina,2005,3842532,9.0,9.0,0.0
Bosnia and Herzegovina,2006,3842650,8.9,8.6,0.1
Bosnia and Herzegovina,2007,3844017,8.8,9.1,0.3
Bosnia and Herzegovina,2008,3843846,8.9,8.9,0.0
Bosnia and Herzegovina,2009,3843998,9.0,9.1,0.1
Bosnia and Herzegovina,2010,3844046,8.7,9.1,0.1
Bosnia and Herzegovina,2011,3843183,8.3,9.2,-0.1
Bosnia and Herzegovina,2012,3839265,8.4,9.3,0.0
Belgium,1960,9128824,16.8,12.4,1.0
Belgium,1961,9178154,17.3,11.6,-4.3
Belgium,1962,9189741,16.8,12.2,2.1
Belgium,1963,9251414,17.1,12.6,3.7
Belgium,1964,9328126,17.2,11.7,5.3
Belgium,1965,9428100,16.4,12.2,3.2
Belgium,1966,9499234,15.9,12.1,2.3
Belgium,1967,9556380,15.3,12.0,1.9
Belgium,1968,9605601,14.8,12.7,0.6
Belgium,1969,9631910,14.7,12.5,0.7
Belgium,1970,9660154,14.7,12.3,-3.4
Belgium,1971,9650944,14.6,12.4,2.3
Belgium,1972,9695379,14.0,12.1,1.3
Belgium,1973,9726850,13.3,12.1,1.9
Belgium,1974,9756590,12.7,11.9,2.5
Belgium,1975,9788248,12.2,12.2,2.5
Belgium,1976,9813152,12.3,12.1,0.8
Belgium,1977,9823302,12.4,11.5,0.5
Belgium,1978,9837413,12.5,11.7,-0.3
Belgium,1979,9841654,12.6,11.4,0.2
Belgium,1980,9855110,12.6,11.5,-0.2
Belgium,1981,9863374,12.6,11.4,-2.1
Belgium,1982,9854589,12.2,11.4,-0.5
Belgium,1983,9858017,11.9,11.6,-0.8
Belgium,1984,9853023,11.7,11.2,0.0
Belgium,1985,9857721,11.6,11.3,-0.1
Belgium,1986,9858895,11.9,11.3,0.0
Belgium,1987,9864751,11.9,10.7,-0.1
Belgium,1988,9875716,12.1,10.6,3.7
Belgium,1989,9927612,12.2,10.8,0.7
Belgium,1990,9947782,12.4,10.4,2.0
Belgium,1991,9986975,12.6,10.4,1.3
Belgium,1992,10021997,12.4,10.4,2.6
Belgium,1993,10068319,12.0,10.6,1.8
Belgium,1994,10100631,11.5,10.3,1.7
Belgium,1995,10130574,11.4,10.3,0.2
Belgium,1996,10143047,11.5,10.3,1.5
Belgium,1997,10170226,11.4,10.2,1.0
Belgium,1998,10192264,11.2,10.3,1.2
Belgium,1999,10213752,11.2,10.3,1.6
Belgium,2000,10239085,11.4,10.2,1.3
Belgium,2001,10263414,11.2,10.1,3.3
Belgium,2002,10309725,10.9,10.2,3.7
Belgium,2003,10355844,11.0,10.3,3.2
Belgium,2004,10396421,11.3,9.7,3.2
Belgium,2005,10445852,11.4,9.9,4.7
Belgium,2006,10511382,11.6,9.6,4.9
Belgium,2007,10584534,11.7,9.5,5.5
Belgium,2008,10666866,11.9,9.8,5.9
Belgium,2009,10753080,11.8,9.6,5.9
Belgium,2010,10839905,11.9,9.7,7.9
Belgium,2011,11000638,11.7,9.4,4.6
Belgium,2012,11075889,11.5,9.8,3.9
Belgium,2013,11137974,11.3,9.8,2.4
Belgium,2014,11180840,11.2,9.3,3.2
Belgium,2015,11237274,10.8,9.8,5.5
Belgium,2016,11311117,10.8,9.5,2.4
Belgium,2017,11351727,10.5,9.6,3.2
Belgium,2018,11398589,10.4,9.7,4.3
Belgium,2019,11455519,10.2,9.5,5.0
Belgium,2020,11522440,9.9,11.0,3.9
Belgium,2021,11554767,10.2,9.7,4.9
Belgium,2022,11617623,9.8,10.0,10.9
Belgium,2023,11742796,9.4,9.4,7.6
Bulgaria,1960,7829246,17.8,8.1,0.0
Bulgaria,1961,7905502,17.4,7.9,0.0
Bulgaria,1962,7980734,16.7,8.7,0.0
Bulgaria,1963,8045158,16.4,8.2,0.0
Bulgaria,1964,8111132,16.1,7.9,0.0
Bulgaria,1965,8177547,15.3,8.2,-0.7
Bulgaria,1966,8230788,14.9,8.3,0.0
Bulgaria,1967,8285325,15.0,9.0,0.0
Bulgaria,1968,8335126,16.9,8.6,0.0
Bulgaria,1969,8404080,17.0,9.5,-0.3
Bulgaria,1970,8464264,16.3,9.1,-1.3
Bulgaria,1971,8514883,15.9,9.7,-1.1
Bulgaria,1972,8557906,15.3,9.8,-1.2
Bulgaria,1973,8594493,16.2,9.5,-0.6
Bulgaria,1974,8647440,17.2,9.8,-0.2
Bulgaria,1975,8710049,16.6,10.3,-3.8
Bulgaria,1976,8731434,16.5,10.1,-0.3
Bulgaria,1977,8785763,16.1,10.7,-1.2
Bulgaria,1978,8822602,15.5,10.5,-6.9
Bulgaria,1979,8805462,15.3,10.7,0.0
Bulgaria,1980,8846417,14.5,11.1,0.0
Bulgaria,1981,8876652,14.0,10.7,0.0
Bulgaria,1982,8905581,13.9,11.2,0.0
Bulgaria,1983,8929332,13.8,11.4,0.0
Bulgaria,1984,8950144,13.6,11.3,0.0
Bulgaria,1985,8971214,13.3,12.0,-3.7
Bulgaria,1986,8949880,13.4,11.6,0.1
Bulgaria,1987,8966462,13.0,12.0,0.0
Bulgaria,1988,8976255,13.1,12.0,0.0
Bulgaria,1989,8986636,12.6,12.0,-25.3
Bulgaria,1990,8767308,12.1,12.5,-10.9
Bulgaria,1991,8669269,11.1,12.8,-6.9
Bulgaria,1992,8595465,10.4,12.6,-10.7
Bulgaria,1993,8484863,10.0,12.9,0.0
Bulgaria,1994,8459763,9.4,13.2,0.0
Bulgaria,1995,8427418,8.6,13.6,0.0
Bulgaria,1996,8384715,8.6,14.0,0.1
Bulgaria,1997,8340936,7.7,14.7,0.0
Bulgaria,1998,8283200,7.9,14.3,0.0
Bulgaria,1999,8230371,8.8,13.6,0.0
Bulgaria,2000,8190876,9.0,14.1,0.0
Bulgaria,2001,8149468,8.5,14.0,-29.5
Bulgaria,2002,7868815,8.5,14.4,-2.2
Bulgaria,2003,7805506,8.7,14.4,-2.0
Bulgaria,2004,7745147,9.1,14.3,-2.1
Bulgaria,2005,7688573,9.3,14.8,-2.2
Bulgaria,2006,7629371,9.7,14.9,-2.3
Bulgaria,2007,7572673,10.0,15.0,-2.3
Bulgaria,2008,7518002,10.4,14.8,-2.4
Bulgaria,2009,7467119,10.9,14.5,-2.5
Bulgaria,2010,7421766,10.2,14.9,-2.4
Bulgaria,2011,7369431,9.6,14.7,-0.7
Bulgaria,2012,7327224,9.5,15.0,-0.3
Bulgaria,2013,7202556,9.3,14.6,-6.6
Bulgaria,2014,7117453,9.6,15.4,-6.6
Bulgaria,2015,7029690,9.4,15.8,-6.7
Bulgaria,2016,6938759,9.4,15.6,-6.8
Bulgaria,2017,6849518,9.4,16.1,-6.8
Bulgaria,2018,6757418,9.3,16.2,-7.0
Bulgaria,2019,6664177,9.3,16.3,-7.3
Bulgaria,2020,6569275,9.0,19.0,4.3
Bulgaria,2021,6532117,9.0,22.9,6.3
Bulgaria,2022,6482484,8.8,18.4,4.2
Bulgaria,2023,6447710,8.9,15.7,6.4
Belarus,2000,10019480,9.4,13.5,1.2
Belarus,2001,9990435,9.2,14.1,0.9
Belarus,2002,9950941,8.9,14.8,0.6
Belarus,2003,9898590,9.0,14.5,0.5
Belarus,2004,9849062,9.1,14.3,0.2
Belarus,2005,9800073,9.3,14.5,0.2
Belarus,2006,9750540,9.9,14.2,0.6
Belarus,2007,9714461,10.7,13.7,0.5
Belarus,2008,9689770,11.1,13.8,0.8
Belarus,2009,9671912,11.4,14.1,-17.3
Belarus,2010,9480178,11.4,14.5,3.2
Belarus,2011,9481193,11.5,14.3,1.0
Belarus,2012,9465150,12.2,13.4,1.0
Belarus,2013,9463840,,13.2,
Belarus,2014,9468154,12.5,12.8,1.7
Belarus,2015,9480868,12.5,12.6,1.9
Belarus,2016,9498364,12.4,12.6,0.8
Belarus,2017,9504704,10.8,12.6,0.4
Belarus,2018,9491823,9.9,12.7,1.0
Belarus,2019,9475174,9.3,12.8,-3.6
Switzerland,1960,5295500,17.7,9.8,4.2
Switzerland,1961,5360153,18.3,9.4,18.4
Switzerland,1962,5508435,18.7,9.9,14.6
Switzerland,1963,5639195,19.3,10.0,10.0
Switzerland,1964,5749299,19.5,9.3,3.6
Switzerland,1965,5829156,19.1,9.5,-0.3
Switzerland,1966,5883788,18.5,9.4,2.4
Switzerland,1967,5952216,17.9,9.2,4.5
Switzerland,1968,6031353,17.3,9.5,4.1
Switzerland,1969,6104074,16.7,9.5,3.3
Switzerland,1970,6168700,16.1,9.2,-2.9
Switzerland,1971,6193054,15.5,9.3,0.4
Switzerland,1972,6233744,14.6,9.0,3.1
Switzerland,1973,6288168,13.9,9.0,1.2
Switzerland,1974,6326525,13.3,8.9,0.3
Switzerland,1975,6356285,12.4,8.8,-9.1
Switzerland,1976,6320978,11.8,9.1,-8.6
Switzerland,1977,6284029,11.6,8.9,-3.6
Switzerland,1978,6278319,11.4,9.2,-1.1
Switzerland,1979,6285156,11.4,9.1,0.6
Switzerland,1980,6303573,11.7,9.4,2.7
Switzerland,1981,6335243,11.6,9.4,3.7
Switzerland,1982,6372904,11.7,9.3,3.3
Switzerland,1983,6409713,11.5,9.5,0.8
Switzerland,1984,6427833,11.6,9.1,1.9
Switzerland,1985,6455896,11.5,9.2,2.1
Switzerland,1986,6484834,11.7,9.2,3.4
Switzerland,1987,6523413,11.7,9.3,4.0
Switzerland,1988,6566799,12.2,9.0,5.1
Switzerland,1989,6619973,12.2,9.2,5.1
Switzerland,1990,6673850,12.5,9.5,9.4
Switzerland,1991,6757188,12.7,9.2,9.1
Switzerland,1992,6842768,12.6,9.1,5.9
Switzerland,1993,6907959,12.1,9.0,5.7
Switzerland,1994,6968570,11.9,8.9,4.2
Switzerland,1995,7019019,11.7,9.0,3.5
Switzerland,1996,7062354,11.7,8.9,-0.2
Switzerland,1997,7081346,11.4,8.9,-0.4
Switzerland,1998,7096465,11.1,8.8,1.5
Switzerland,1999,7123537,11.0,8.7,3.5
Switzerland,2000,7164444,10.9,8.7,3.3
Switzerland,2001,7204055,10.0,8.5,5.6
Switzerland,2002,7255653,9.9,8.5,6.5
Switzerland,2003,7313853,9.8,8.6,5.7
Switzerland,2004,7364148,9.9,8.1,5.1
Switzerland,2005,7415102,9.8,8.2,4.3
Switzerland,2006,7459128,9.8,8.1,4.9
Switzerland,2007,7508739,9.9,8.1,9.4
Switzerland,2008,7593494,10.0,8.0,12.1
Switzerland,2009,7701856,10.1,8.1,8.8
Switzerland,2010,7785806,10.3,8.0,7.7
Switzerland,2011,7870134,10.2,7.8,8.3
Switzerland,2012,7954662,10.3,8.0,8.3
Switzerland,2013,8039060,10.2,8.0,10.2
Switzerland,2014,8139631,10.4,7.8,9.4
Switzerland,2015,8237666,10.5,8.2,8.5
Switzerland,2016,8327126,10.5,7.8,8.3
Switzerland,2017,8419550,10.3,7.9,5.2
Switzerland,2018,8484130,10.3,7.9,4.7
Switzerland,2019,8544527,10.0,7.9,5.0
Switzerland,2020,8606033,9.9,8.8,6.3
Switzerland,2021,8670300,10.3,8.2,5.7
Switzerland,2022,8738791,9.4,8.5,7.8
Switzerland,2023,8815385,9.0,8.1,15.4
Cyprus,1960,572000,,,
Cyprus,1961,573566,26.2,10.8,-11.3
Cyprus,1962,575900,25.6,10.6,-9.8
Cyprus,1963,578900,25.1,10.4,-3.3
Cyprus,1964,585500,24.2,10.6,-8.7
Cyprus,1965,588400,23.2,10.3,-4.8
Cyprus,1966,593200,22.3,10.1,-5.6
Cyprus,1967,597100,21.3,10.0,-3.5
Cyprus,1968,601800,20.5,9.9,-2.4
Cyprus,1969,606800,19.8,9.8,-1.5
Cyprus,1970,612000,19.2,9.8,-1.5
Cyprus,1971,616900,18.8,9.7,0.9
Cyprus,1972,623100,18.5,9.6,4.9
Cyprus,1973,631778,18.3,9.5,0.7
Cyprus,1974,637800,13.6,8.9,-30.5
Cyprus,1975,505700,16.0,7.9,-23.7
Cyprus,1976,497879,18.7,8.6,-10.7
Cyprus,1977,497600,18.3,9.1,-8.4
Cyprus,1978,498000,18.8,8.4,-3.8
Cyprus,1979,501300,19.7,8.4,-2.3
Cyprus,1980,505800,20.4,9.3,1.6
Cyprus,1981,512300,19.5,8.4,9.2
Cyprus,1982,522845,20.7,8.4,-8.9
Cyprus,1983,524623,20.6,8.6,1.0
Cyprus,1984,531518,20.6,8.0,0.3
Cyprus,1985,538397,19.5,8.5,0.4
Cyprus,1986,544605,19.5,8.4,0.3
Cyprus,1987,550888,18.7,8.9,0.5
Cyprus,1988,556584,19.2,8.8,0.5
Cyprus,1989,562693,18.1,8.5,8.0
Cyprus,1990,572655,18.3,8.4,15.0
Cyprus,1991,587141,17.5,8.5,17.7
Cyprus,1992,603069,18.6,8.5,16.4
Cyprus,1993,619231,16.8,7.6,12.8
Cyprus,1994,632944,16.2,7.7,11.0
Cyprus,1995,645399,15.2,7.6,9.2
Cyprus,1996,656333,14.6,7.5,8.0
Cyprus,1997,666313,13.8,7.7,7.2
Cyprus,1998,675215,13.1,8.0,6.2
Cyprus,1999,682862,12.4,7.4,6.1
Cyprus,2000,690497,12.2,7.7,5.7
Cyprus,2001,697549,11.6,6.9,6.6
Cyprus,2002,705539,11.1,7.3,7.7
Cyprus,2003,713720,11.3,7.2,8.7
Cyprus,2004,722893,11.4,7.2,9.7
Cyprus,2005,733067,11.2,7.3,11.0
Cyprus,2006,744013,11.6,6.8,13.7
Cyprus,2007,757916,11.2,7.0,19.9
Cyprus,2008,776333,11.7,6.6,21.1
Cyprus,2009,796930,11.9,6.4,22.0
Cyprus,2010,819140,11.8,6.2,19.2
Cyprus,2011,839751,11.3,6.5,21.3
Cyprus,2012,862011,11.8,6.6,-0.7
Cyprus,2013,865878,10.8,6.0,-14.0
Cyprus,2014,858000,10.9,6.4,-17.4
Cyprus,2015,847008,10.8,6.9,-2.4
Cyprus,2016,848319,11.1,6.4,2.9
Cyprus,2017,854802,10.7,7.0,7.2
Cyprus,2018,864236,10.7,6.6,9.3
Cyprus,2019,875899,10.8,7.1,10.0
Cyprus,2020,888005,11.1,7.2,5.0
Cyprus,2021,896007,11.4,8.0,6.2
Cyprus,2022,904705,11.2,8.0,14.3
Cyprus,2023,920701,11.1,7.2,9.9
Czechia,1960,9637840,13.4,9.8,-11.1
Czechia,1961,9566172,13.7,9.9,0.5
Czechia,1962,9607129,13.9,10.8,0.6
Czechia,1963,9642191,15.4,10.4,0.9
Czechia,1964,9699179,15.9,10.5,0.5
Czechia,1965,9756429,15.1,10.7,0.4
Czechia,1966,9802287,14.4,10.8,0.2
Czechia,1967,9839792,14.1,11.1,-0.3
Czechia,1968,9866006,13.9,11.7,-0.2
Czechia,1969,9886686,14.5,12.2,-0.3
Czechia,1970,9906474,15.0,12.5,-12.3
Czechia,1971,9809667,15.7,12.5,0.3
Czechia,1972,9843962,16.6,12.1,0.3
Czechia,1973,9891302,18.3,12.5,0.5
Czechia,1974,9953230,19.4,12.7,0.3
Czechia,1975,10023688,19.1,12.4,0.2
Czechia,1976,10093551,18.5,12.4,0.3
Czechia,1977,10158327,17.8,12.4,0.1
Czechia,1978,10215183,17.5,12.4,0.2
Czechia,1979,10269012,16.7,12.4,0.2
Czechia,1980,10315669,14.9,13.2,-4.0
Czechia,1981,10292717,14.0,12.7,0.2
Czechia,1982,10308465,13.7,12.7,0.2
Czechia,1983,10321186,13.3,13.0,0.2
Czechia,1984,10326526,13.3,12.8,0.3
Czechia,1985,10333900,13.1,12.7,0.2
Czechia,1986,10340335,12.9,12.8,0.3
Czechia,1987,10344119,12.7,12.3,0.3
Czechia,1988,10350517,12.8,12.1,0.2
Czechia,1989,10360034,12.4,12.3,0.1
Czechia,1990,10362102,12.6,12.5,-5.7
Czechia,1991,10304607,12.5,12.1,0.3
Czechia,1992,10312548,11.8,11.7,1.1
Czechia,1993,10325697,11.7,11.4,0.5
Czechia,1994,10334013,10.3,11.4,1.0
Czechia,1995,10333161,9.3,11.4,1.0
Czechia,1996,10321344,8.8,10.9,1.0
Czechia,1997,10309137,8.8,10.9,1.2
Czechia,1998,10299125,8.8,10.6,0.9
Czechia,1999,10289621,8.7,10.7,0.9
Czechia,2000,10278098,8.9,10.6,-2.7
Czechia,2001,10232027,8.9,10.5,-1.4
Czechia,2002,10201182,9.1,10.6,0.7
Czechia,2003,10192649,9.2,10.9,2.0
Czechia,2004,10195347,9.6,10.5,1.3
Czechia,2005,10198855,10.0,10.6,3.0
Czechia,2006,10223577,10.3,10.2,2.9
Czechia,2007,10254233,11.1,10.2,7.7
Czechia,2008,10343422,11.5,10.1,6.5
Czechia,2009,10425783,11.3,10.3,2.4
Czechia,2010,10462088,11.2,10.2,1.4
Czechia,2011,10486731,10.4,10.2,1.6
Czechia,2012,10505445,10.3,10.3,1.0
Czechia,2013,10516125,10.2,10.4,-0.1
Czechia,2014,10512419,10.4,10.0,2.1
Czechia,2015,10538275,10.5,10.5,1.5
Czechia,2016,10553843,10.7,10.2,1.9
Czechia,2017,10578820,10.8,10.5,2.7
Czechia,2018,10610055,10.7,10.6,3.6
Czechia,2019,10649800,10.5,10.5,4.1
Czechia,2020,10693939,10.3,12.1,2.5
Czechia,2021,10494836,10.6,13.3,4.8
Czechia,2022,10516707,9.5,11.3,30.9
Czechia,2023,10827529,8.4,10.4,8.7
Germany,1960,55257088,17.4,11.6,6.8
Germany,1961,55958321,18.0,11.2,4.4
Germany,1962,56589148,17.9,11.3,5.0
Germany,1963,57247246,18.3,11.7,4.1
Germany,1964,57864509,18.3,11.1,5.2
Germany,1965,58587451,17.7,11.5,5.8
Germany,1966,59296591,17.6,11.5,2.2
Germany,1967,59792934,17.0,11.5,-2.9
Germany,1968,59948474,16.1,,
Germany,1969,60463033,14.9,,
Germany,1970,61194591,13.3,12.0,-4.4
Germany,1971,61001164,12.7,,
Germany,1972,61502503,11.4,,
Germany,1973,61809358,10.3,,
Germany,1974,62101379,10.1,,
Germany,1975,61991475,9.7,12.1,-3.2
Germany,1976,61644624,9.8,,
Germany,1977,61441996,9.5,,
Germany,1978,61352745,9.4,,
Germany,1979,61321663,9.5,,
Germany,1980,61439338,10.1,11.6,5.1
Germany,1981,61657952,10.1,,
Germany,1982,61712689,10.1,,
Germany,1983,61546101,9.7,11.7,-1.9
Germany,1984,61306669,9.5,11.4,-2.4
Germany,1985,61049256,9.6,11.5,1.5
Germany,1986,61020474,10.2,11.5,3.2
Germany,1987,61140461,10.5,11.2,2.3
Germany,1988,61238079,11.0,11.2,7.9
Germany,1989,61715103,11.0,11.2,15.8
Germany,1990,62679035,11.5,11.3,16.3
Germany,1991,79753227,10.4,11.4,7.5
Germany,1992,80274564,10.0,11.0,9.6
Germany,1993,80974632,9.8,11.1,5.7
Germany,1994,81338093,9.5,10.9,3.9
Germany,1995,81538603,9.4,10.8,4.9
Germany,1996,81817499,9.7,10.8,3.4
Germany,1997,82012162,9.9,10.5,1.1
Germany,1998,82057379,9.6,10.4,0.6
Germany,1999,82037011,9.4,10.3,2.5
Germany,2000,82163475,9.3,10.2,2.0
Germany,2001,82259540,8.9,10.1,3.3
Germany,2002,82440309,8.7,10.2,2.7
Germany,2003,82536680,8.6,10.3,1.7
Germany,2004,82531671,8.6,9.9,1.0
Germany,2005,82500849,8.3,10.1,1.0
Germany,2006,82437995,8.2,10.0,0.3
Germany,2007,82314906,8.3,10.1,0.5
Germany,2008,82217837,8.3,10.3,-0.7
Germany,2009,82002356,8.1,10.4,-0.1
Germany,2010,81802257,8.3,10.5,1.6
Germany,2011,80222065,8.3,10.6,3.7
Germany,2012,80327900,8.4,10.8,4.9
Germany,2013,80523746,8.5,11.1,5.6
Germany,2014,80767463,8.8,10.7,7.2
Germany,2015,81197537,9.0,11.3,14.3
Germany,2016,82175684,9.6,11.1,5.6
Germany,2017,82521653,9.5,11.3,5.1
Germany,2018,82792351,9.5,11.5,4.8
Germany,2019,83019213,9.4,11.3,3.7
Germany,2020,83166711,9.3,11.9,2.4
Germany,2021,83155031,9.6,12.3,3.7
Germany,2022,83237124,8.8,12.7,17.3
Germany,2023,84358845,8.3,12.3,-6.9
Denmark,1960,4565455,16.6,9.5,-0.9
Denmark,1961,4593750,16.6,9.4,0.6
Denmark,1962,4629624,16.7,9.8,0.8
Denmark,1963,4665829,17.6,9.8,0.1
Denmark,1964,4703136,17.7,9.9,0.3
Denmark,1965,4741008,18.0,10.1,-0.4
Denmark,1966,4777015,18.4,10.3,0.4
Denmark,1967,4817746,16.8,9.9,0.3
Denmark,1968,4852962,15.3,9.7,-0.7
Denmark,1969,4876803,14.6,9.8,1.4
Denmark,1970,4906916,14.4,9.8,4.3
Denmark,1971,4950598,15.2,9.8,-0.3
Denmark,1972,4975653,15.1,10.1,1.4
Denmark,1973,5007538,14.3,10.1,1.4
Denmark,1974,5036184,14.1,10.2,-0.3
Denmark,1975,5054410,14.2,10.1,-2.0
Denmark,1976,5065313,12.9,10.6,0.7
Denmark,1977,5079879,12.2,9.9,1.1
Denmark,1978,5096959,12.2,10.4,1.1
Denmark,1979,5111537,11.6,10.7,1.1
Denmark,1980,5122065,11.2,10.9,0.1
Denmark,1981,5123989,10.4,11.0,-0.3
Denmark,1982,5119155,10.3,10.8,0.0
Denmark,1983,5116464,9.9,11.2,0.4
Denmark,1984,5112130,10.1,11.2,0.8
Denmark,1985,5111108,10.5,11.4,1.9
Denmark,1986,5116273,10.8,11.3,2.2
Denmark,1987,5124794,11.0,11.3,1.2
Denmark,1988,5129254,11.5,11.5,0.1
Denmark,1989,5129778,12.0,11.6,0.7
Denmark,1990,5135409,12.3,11.9,1.7
Denmark,1991,5146469,12.5,11.6,2.1
Denmark,1992,5162126,13.1,11.8,2.2
Denmark,1993,5180614,13.0,12.1,2.2
Denmark,1994,5196642,13.4,11.7,2.0
Denmark,1995,5215718,13.3,12.1,5.5
Denmark,1996,5251027,12.9,11.6,3.3
Denmark,1997,5275121,12.8,11.3,2.3
Denmark,1998,5294860,12.5,11.0,2.1
Denmark,1999,5313577,12.4,11.1,1.8
Denmark,2000,5330020,12.6,10.9,1.9
Denmark,2001,5349212,12.2,10.9,2.2
Denmark,2002,5368354,11.9,10.9,1.8
Denmark,2003,5383507,12.0,10.7,1.3
Denmark,2004,5397640,12.0,10.3,0.9
Denmark,2005,5411405,11.9,10.1,1.2
Denmark,2006,5427459,12.0,10.2,1.9
Denmark,2007,5447084,11.7,10.2,3.7
Denmark,2008,5475791,11.8,9.9,4.6
Denmark,2009,5511451,11.4,9.9,2.8
Denmark,2010,5534738,11.4,9.8,3.0
Denmark,2011,5560628,10.6,9.4,2.4
Denmark,2012,5580516,10.4,9.4,3.0
Denmark,2013,5602628,10.0,9.3,3.8
Denmark,2014,5627235,10.1,9.1,4.8
Denmark,2015,5659715,10.2,9.2,7.4
Denmark,2016,5707251,10.8,9.2,5.7
Denmark,2017,5748769,10.6,9.2,4.2
Denmark,2018,5781190,10.6,9.5,3.2
Denmark,2019,5806081,10.5,9.3,1.6
Denmark,2020,5822763,10.4,9.4,1.9
Denmark,2021,5840045,10.8,9.8,4.6
Denmark,2022,5873420,9.9,10.1,10.2
Denmark,2023,5932654,9.7,9.8,5.0
Estonia,1960,1206362,16.7,10.5,2.4
Estonia,1961,1216712,16.5,10.6,7.8
Estonia,1962,1233441,16.1,10.9,8.0
Estonia,1963,1249804,15.3,10.5,9.6
Estonia,1964,1267910,15.4,10.0,9.0
Estonia,1965,1286262,14.6,10.4,8.7
Estonia,1966,1302870,14.2,10.5,5.1
Estonia,1967,1314323,14.2,10.4,3.2
Estonia,1968,1323569,14.9,10.7,7.3
Estonia,1969,1338858,15.4,11.3,5.3
Estonia,1970,1351640,15.8,11.2,7.7
Estonia,1971,1368511,16.1,10.9,7.1
Estonia,1972,1385399,15.6,11.1,5.7
Estonia,1973,1399637,15.1,11.1,5.0
Estonia,1974,1412265,15.1,10.9,4.0
Estonia,1975,1424073,14.9,11.6,4.0
Estonia,1976,1434630,15.1,12.1,3.8
Estonia,1977,1444522,15.2,11.8,4.5
Estonia,1978,1455900,15.0,12.2,3.1
Estonia,1979,1464476,14.9,12.3,2.7
Estonia,1980,1472190,15.0,12.3,4.1
Estonia,1981,1482247,15.4,12.3,4.2
Estonia,1982,1493085,15.4,11.9,3.6
Estonia,1983,1503743,16.0,12.1,2.7
Estonia,1984,1513747,16.0,12.6,3.0
Estonia,1985,1523486,15.5,12.7,4.1
Estonia,1986,1534076,15.7,11.7,4.0
Estonia,1987,1546304,16.2,11.8,3.2
Estonia,1988,1558137,16.0,11.9,0.7
Estonia,1989,1565662,15.5,11.8,-0.5
Estonia,1990,1570599,14.2,12.4,-3.6
Estonia,1991,1567749,12.4,12.6,-8.1
Estonia,1992,1554878,11.8,13.1,-27.1
Estonia,1993,1511303,10.2,14.2,-19.0
Estonia,1994,1476952,9.7,15.2,-14.3
Estonia,1995,1448075,9.4,14.5,-10.8
Estonia,1996,1425192,9.4,13.4,-9.5
Estonia,1997,1405996,9.0,13.3,-4.9
Estonia,1998,1393074,8.8,14.0,-4.7
Estonia,1999,1379237,8.9,13.3,20.2
Estonia,2000,1401250,9.4,13.2,-2.3
Estonia,2001,1392720,9.1,13.3,-2.4
Estonia,2002,1383510,9.4,13.3,-2.2
Estonia,2003,1375190,9.5,13.2,-2.8
Estonia,2004,1366250,10.3,13.0,-2.7
Estonia,2005,1358850,10.6,12.8,-3.8
Estonia,2006,1350700,11.0,12.9,-4.0
Estonia,2007,1342920,11.8,13.0,-2.1
Estonia,2008,1338440,12.0,12.5,-1.5
Estonia,2009,1335740,11.8,12.1,-1.6
Estonia,2010,1333290,11.9,11.9,-2.8
Estonia,2011,1329660,11.1,11.5,-2.9
Estonia,2012,1325217,10.6,11.7,-2.8
Estonia,2013,1320174,10.3,11.6,-2.0
Estonia,2014,1315819,10.3,11.8,-0.5
Estonia,2015,1314870,10.6,11.6,1.8
Estonia,2016,1315944,10.7,11.7,0.8
Estonia,2017,1315635,10.5,11.8,4.0
Estonia,2018,1319133,10.9,11.9,5.3
Estonia,2019,1324820,10.6,11.6,4.1
Estonia,2020,1328976,9.9,11.9,2.8
Estonia,2021,1330068,10.0,14.0,5.3
Estonia,2022,1331796,8.6,12.8,29.5
Estonia,2023,1365884,8.0,11.7,10.1
Greece,1960,8300399,18.9,7.3,-4.1
Greece,1961,8363050,17.9,7.6,-2.0
Greece,1962,8433050,18.0,7.9,-6.6
Greece,1963,8463416,17.5,7.9,-5.8
Greece,1964,8495834,18.0,8.2,-6.4
Greece,1965,8525024,17.7,7.9,-3.9
Greece,1966,8575642,18.0,7.9,-1.3
Greece,1967,8651660,18.8,8.3,-3.0
Greece,1968,8716516,18.4,8.4,-4.4
Greece,1969,8765014,17.6,8.2,-7.6
Greece,1970,8780514,16.5,8.4,-5.3
Greece,1971,8805098,16.0,8.4,-1.8
Greece,1972,8856974,15.9,8.6,-0.1
Greece,1973,8920282,15.4,8.7,-4.7
Greece,1974,8937890,16.1,8.5,-2.2
Greece,1975,8986153,15.7,8.9,6.5
Greece,1976,9106928,16.0,8.9,10.6
Greece,1977,9269372,15.4,9.0,2.0
Greece,1978,9347586,15.5,8.7,10.6
Greece,1979,9512332,15.5,8.6,0.6
Greece,1980,9584184,15.4,9.1,5.8
Greece,1981,9700826,14.5,8.9,0.2
Greece,1982,9757874,14.0,8.8,1.3
Greece,1983,9821152,13.5,9.2,0.9
Greece,1984,9872102,12.7,8.9,1.0
Greece,1985,9919500,11.7,9.4,0.6
Greece,1986,9949100,11.3,9.2,1.5
Greece,1987,9985326,10.6,9.6,2.0
Greece,1988,10015863,10.7,9.2,2.7
Greece,1989,10058103,10.1,9.2,5.3
Greece,1990,10120892,10.0,9.2,14.1
Greece,1991,10272691,9.9,9.3,8.5
Greece,1992,10367163,10.0,9.4,5.6
Greece,1993,10430958,9.7,9.3,5.2
Greece,1994,10489871,9.9,9.3,3.8
Greece,1995,10535973,9.6,9.5,4.8
Greece,1996,10588332,9.5,9.5,3.9
Greece,1997,10629267,9.6,9.4,5.8
Greece,1998,10693250,9.4,9.6,5.3
Greece,1999,10747768,9.4,9.6,2.8
Greece,2000,10775627,9.6,9.7,5.8
Greece,2001,10835989,9.4,9.4,4.8
Greece,2002,10888274,9.5,9.5,2.6
Greece,2003,10915770,9.6,9.7,2.4
Greece,2004,10940369,9.6,9.6,2.6
Greece,2005,10969912,9.8,9.6,2.9
Greece,2006,11004716,10.2,9.6,2.2
Greece,2007,11036008,10.1,9.9,2.1
Greece,2008,11060937,10.7,9.7,2.1
Greece,2009,11094745,10.6,9.8,1.3
Greece,2010,11119289,10.3,9.8,-0.1
Greece,2011,11123392,9.6,10.0,-2.9
Greece,2012,11086406,9.1,10.6,-6.0
Greece,2013,11003615,8.6,10.2,-5.4
Greece,2014,10926807,8.5,10.4,-4.3
Greece,2015,10858018,8.5,11.2,-4.2
Greece,2016,10783748,8.6,11.0,1.0
Greece,2017,10768193,8.2,11.6,0.8
Greece,2018,10741165,8.1,11.2,1.6
Greece,2019,10724599,7.8,11.7,3.3
Greece,2020,10718565,7.9,12.2,0.6
Greece,2021,10678632,8.1,13.6,-15.2
Greece,2022,10459782,7.3,13.4,1.7
Greece,2023,10413982,6.8,12.2,3.8
Spain,1960,30327000,21.7,8.6,-4.7
Spain,1961,30583000,21.2,8.3,-2.7
Spain,1962,30895500,21.1,8.7,-4.1
Spain,1963,31151231,21.4,8.8,-3.3
Spain,1964,31442070,22.0,8.4,-3.0
Spain,1965,31776320,21.1,8.4,-1.6
Spain,1966,32132264,20.7,8.4,-3.0
Spain,1967,32434123,20.7,8.4,2.9
Spain,1968,32931771,20.1,8.4,-0.8
Spain,1969,33294497,19.9,8.9,-2.2
Spain,1970,33587610,19.5,8.3,2.1
Spain,1971,34040642,19.6,8.8,0.0
Spain,1972,34408338,19.4,8.1,0.0
Spain,1973,34800600,19.2,8.5,0.0
Spain,1974,35177294,19.5,8.3,0.0
Spain,1975,35569375,18.7,8.3,0.2
Spain,1976,35946425,18.7,8.3,0.1
Spain,1977,36329199,18.0,8.1,0.1
Spain,1978,36694077,17.3,8.1,0.0
Spain,1979,37035719,16.2,7.8,0.0
Spain,1980,37346940,15.2,7.7,0.2
Spain,1981,37635389,14.1,7.8,0.2
Spain,1982,37881873,13.6,7.5,-0.5
Spain,1983,38090151,12.7,7.9,-0.5
Spain,1984,38252899,12.3,7.8,-0.5
Spain,1985,38407829,11.9,8.1,-0.5
Spain,1986,38531195,11.4,8.0,-0.6
Spain,1987,38638052,11.0,8.0,-0.6
Spain,1988,38731578,10.8,8.2,-0.7
Spain,1989,38802300,10.5,8.4,-0.8
Spain,1990,38853227,10.3,8.6,-1.0
Spain,1991,38881416,10.2,8.7,2.9
Spain,1992,39051336,10.1,8.5,3.8
Spain,1993,39264034,9.8,8.6,3.8
Spain,1994,39458489,9.4,8.6,3.8
Spain,1995,39639726,9.1,8.7,3.8
Spain,1996,39808374,9.1,8.8,3.8
Spain,1997,39971329,9.2,8.7,3.8
Spain,1998,40143449,9.1,9.0,3.9
Spain,1999,40303568,9.4,9.2,3.9
Spain,2000,40470182,9.8,8.9,3.9
Spain,2001,40665545,9.9,8.8,7.9
Spain,2002,41035278,10.1,8.8,17.9
Spain,2003,41827838,10.4,9.1,15.7
Spain,2004,42547451,10.6,8.6,15.5
Spain,2005,43296338,10.6,8.8,14.5
Spain,2006,44009971,10.8,8.3,14.9
Spain,2007,44784666,10.9,8.5,17.2
Spain,2008,45668939,11.3,8.4,9.5
Spain,2009,46239273,10.6,8.3,3.0
Spain,2010,46486619,10.4,8.2,1.6
Spain,2011,46667174,10.1,8.3,1.4
Spain,2012,46818219,9.7,8.6,-3.0
Spain,2013,46712650,9.1,8.3,-5.4
Spain,2014,46495744,9.2,8.5,-2.2
Spain,2015,46425722,9.0,9.1,-0.1
Spain,2016,46418884,8.8,8.8,1.7
Spain,2017,46497393,8.4,9.1,3.8
Spain,2018,46645070,7.9,9.1,7.0
Spain,2019,46918951,7.6,8.8,9.7
Spain,2020,47318050,7.2,10.4,5.0
Spain,2021,47400798,7.1,9.5,4.2
Spain,2022,47486843,6.9,9.7,15.3
Spain,2023,48085361,6.7,9.0,13.2
Finland,1960,4413046,18.5,9.0,-2.1
Finland,1961,4446222,18.4,9.1,-2.6
Finland,1962,4475787,18.1,9.5,-1.6
Finland,1963,4507098,18.2,9.3,-1.7
Finland,1964,4539519,17.7,9.3,-4.4
Finland,1965,4557567,17.1,9.7,-4.6
Finland,1966,4569896,17.0,9.5,-2.7
Finland,1967,4591842,16.8,9.5,-1.2
Finland,1968,4619645,15.9,9.7,-3.2
Finland,1969,4633292,14.6,9.9,-8.8
Finland,1970,4614277,14.0,9.6,-7.9
Finland,1971,4598336,13.2,9.9,2.7
Finland,1972,4625912,12.7,9.5,2.7
Finland,1973,4653401,12.2,9.3,2.6
Finland,1974,4678761,13.3,9.5,1.2
Finland,1975,4702387,13.9,9.3,-0.8
Finland,1976,4720492,14.1,9.5,-2.5
Finland,1977,4730836,13.9,9.3,-1.2
Finland,1978,4746967,13.5,9.2,-1.9
Finland,1979,4758088,13.3,9.2,-1.4
Finland,1980,4771292,13.2,9.3,-0.5
Finland,1981,4787778,13.2,9.3,1.1
Finland,1982,4812150,13.7,9.0,1.4
Finland,1983,4841715,13.8,9.3,1.4
Finland,1984,4869858,13.3,9.2,0.8
Finland,1985,4893748,12.8,9.8,0.5
Finland,1986,4910664,12.3,9.6,0.3
Finland,1987,4925644,12.1,9.7,0.2
Finland,1988,4938602,12.8,9.9,0.3
Finland,1989,4954359,12.8,9.9,1.2
Finland,1990,4974383,13.1,10.0,1.7
Finland,1991,4998478,13.0,9.8,2.9
Finland,1992,5029002,13.2,9.9,1.8
Finland,1993,5054982,12.8,10.1,1.8
Finland,1994,5077912,12.8,9.4,0.7
Finland,1995,5098754,12.3,9.6,0.8
Finland,1996,5116826,11.8,9.6,0.8
Finland,1997,5132320,11.5,9.6,0.9
Finland,1998,5147349,11.1,9.6,0.9
Finland,1999,5159646,11.1,9.6,0.7
Finland,2000,5171302,11.0,9.5,0.5
Finland,2001,5181115,10.8,9.4,1.2
Finland,2002,5194901,10.7,9.5,1.0
Finland,2003,5206295,10.9,9.4,1.1
Finland,2004,5219732,11.0,9.1,1.3
Finland,2005,5236611,11.0,9.1,1.7
Finland,2006,5255580,11.2,9.1,2.0
Finland,2007,5276955,11.1,9.3,2.6
Finland,2008,5300484,11.2,9.2,2.9
Finland,2009,5326314,11.3,9.3,2.7
Finland,2010,5351427,11.4,9.5,2.6
Finland,2011,5375276,11.1,9.4,3.1
Finland,2012,5401267,11.0,9.6,3.3
Finland,2013,5426674,10.7,9.5,3.3
Finland,2014,5451270,10.5,9.6,2.8
Finland,2015,5471753,10.1,9.6,2.3
Finland,2016,5487308,9.6,9.8,3.1
Finland,2017,5503297,9.1,9.8,2.4
Finland,2018,5513130,8.6,9.9,2.1
Finland,2019,5517919,8.3,9.8,2.8
Finland,2020,5525292,8.4,10.0,3.2
Finland,2021,5533793,9.0,10.4,4.1
Finland,2022,5548241,8.1,11.4,6.1
Finland,2023,5563970,7.8,11.0,10.4
France,1991,58313439,,,
France,1992,58604851,,,
France,1993,58885929,,,
France,1994,59104320,12.5,,
France,1995,59315139,12.8,,
France,1996,59522297,12.8,,
France,1997,59726386,12.7,,
France,1998,59934884,12.8,9.1,0.0
France,1999,60158533,12.9,9.1,2.6
France,2000,60545022,13.3,8.9,2.7
France,2001,60979315,13.1,8.8,3.0
France,2002,61424036,12.9,8.8,3.1
France,2003,61864088,12.8,9.1,3.2
France,2004,62292241,12.8,8.3,3.2
France,2005,62772870,12.8,8.5,3.0
France,2006,63229635,13.1,8.3,1.8
France,2007,63645065,12.8,8.3,1.2
France,2008,64007193,12.9,8.5,0.9
France,2009,64350226,12.8,8.5,0.5
France,2010,64658856,12.9,8.5,0.6
France,2011,64978721,12.7,8.4,0.3
France,2012,65276983,12.6,8.7,1.1
France,2013,65600350,12.4,8.7,1.5
France,2014,66165980,12.4,8.4,0.5
France,2015,66458153,12.0,8.9,-0.4
France,2016,66638391,11.8,8.9,-0.3
France,2017,66809816,11.5,9.1,0.8
France,2018,67026224,11.3,9.1,1.7
France,2019,67290471,11.2,9.1,0.6
France,2020,67473651,10.9,9.9,2.8
France,2021,67728568,10.9,9.8,2.2
France,2022,67957053,10.7,9.9,2.4
France,2023,68172977,9.9,9.2,2.7
Georgia,2000,4435200,11.0,10.7,-8.0
Georgia,2001,4401400,10.8,10.5,-7.1
Georgia,2002,4371500,10.7,10.6,-4.4
Georgia,2003,4352600,10.7,10.6,-8.7
Georgia,2004,4315200,11.5,11.3,1.3
Georgia,2005,4321500,10.7,9.9,17.5
Georgia,2006,4401292,10.9,9.6,-2.8
Georgia,2007,4394702,11.2,9.4,-4.7
Georgia,2008,4382070,12.9,9.8,-2.3
Georgia,2009,4385429,14.4,10.6,
Georgia,2010,4436391,14.1,10.7,4.1
Georgia,2011,4469250,12.9,11.1,4.5
Georgia,2012,4497617,,,
Georgia,2014,4490498,14.8,11.9,-188.0
Georgia,2015,3729500,15.9,13.2,-5.2
Georgia,2016,3720400,15.2,13.7,-2.2
Georgia,2017,3718200,14.3,12.8,1.6
Georgia,2018,3729633,13.7,12.5,-2.9
Georgia,2019,3723464,13.0,12.5,-2.2
Georgia,2020,3716858,12.5,13.6,4.2
Georgia,2021,3728573,12.4,16.2,-7.0
Georgia,2022,3688647,,,
Georgia,2023,3736357,,,
Croatia,1960,4127422,18.4,10.0,-2.2
Croatia,1961,4152939,17.8,9.1,-1.8
Croatia,1962,4181645,17.2,10.0,0.0
Croatia,1963,4211778,16.5,9.1,-0.8
Croatia,1964,4239572,16.2,10.1,0.2
Croatia,1965,4266180,16.6,9.3,-0.4
Croatia,1966,4295665,16.5,8.8,-0.8
Croatia,1967,4325736,15.5,9.5,0.0
Croatia,1968,4351629,15.0,10.0,1.4
Croatia,1969,4379627,14.5,10.7,1.6
Croatia,1970,4403352,13.8,10.0,0.2
Croatia,1971,4421151,14.6,10.1,0.1
Croatia,1972,4441399,14.8,10.8,0.0
Croatia,1973,4459729,15.1,10.2,-0.2
Croatia,1974,4480592,15.0,10.0,-0.5
Croatia,1975,4500727,14.9,10.1,0.3
Croatia,1976,4523436,14.8,9.9,0.7
Croatia,1977,4548432,14.9,9.9,-0.1
Croatia,1978,4570709,15.0,10.6,0.2
Croatia,1979,4591460,15.1,10.5,-3.1
Croatia,1980,4598095,14.8,10.9,-3.2
Croatia,1981,4601469,14.6,11.2,0.9
Croatia,1982,4621548,14.4,11.0,2.0
Croatia,1983,4646921,14.1,11.8,2.6
Croatia,1984,4669587,13.9,11.6,2.3
Croatia,1985,4690983,13.3,11.1,2.2
Croatia,1986,4711852,12.8,11.0,2.3
Croatia,1987,4731041,12.5,11.2,2.4
Croatia,1988,4748450,12.3,11.1,1.6
Croatia,1989,4761965,11.7,11.0,1.6
Croatia,1990,4772556,11.6,10.9,1.3
Croatia,1991,4782179,11.1,11.7,-39.1
Croatia,1992,4595865,10.3,11.3,-7.7
Croatia,1993,4555771,10.6,11.1,19.9
Croatia,1994,4645155,10.4,10.6,3.1
Croatia,1995,4658893,10.9,10.9,-16.7
Croatia,1996,4581167,11.8,11.1,-11.3
Croatia,1997,4533028,12.2,11.5,0.1
Croatia,1998,4536812,10.4,11.5,-0.9
Croatia,1999,4527460,10.0,11.5,-5.1
Croatia,2000,4497735,9.8,11.2,-11.7
Croatia,2001,4295406,9.5,11.5,4.3
Croatia,2002,4305494,9.3,11.7,2.4
Croatia,2003,4305384,9.2,12.2,3.1
Croatia,2004,4305725,9.4,11.5,3.4
Croatia,2005,4310861,9.9,12.0,2.5
Croatia,2006,4312487,9.6,11.7,2.3
Croatia,2007,4313530,9.7,12.1,2.1
Croatia,2008,4311967,10.1,12.1,1.4
Croatia,2009,4309796,10.4,12.2,0.2
Croatia,2010,4302847,10.1,12.1,-1.0
Croatia,2011,4289857,9.6,11.9,-0.9
Croatia,2012,4275984,9.8,12.1,-0.9
Croatia,2013,4247803,9.4,11.9,-4.7
Croatia,2014,4217632,9.4,12.1,-6.1
Croatia,2015,4180915,9.0,13.0,-8.0
Croatia,2016,4131115,9.1,12.6,-9.3
Croatia,2017,4078769,9.0,13.2,-11.7
Croatia,2018,4014341,9.3,13.2,-7.5
Croatia,2019,3968676,9.1,13.1,-4.9
Croatia,2020,3933511,9.2,14.6,-4.9
Croatia,2021,3893026,9.4,16.2,-1.2
Croatia,2022,3862305,8.8,14.8,3.0
Croatia,2023,3850894,8.3,13.3,7.8
Hungary,1960,9961044,14.7,10.2,0.0
Hungary,1961,10005980,14.0,9.6,0.0
Hungary,1962,10049935,12.9,10.8,0.0
Hungary,1963,10071715,13.1,9.9,0.0
Hungary,1964,10104179,13.1,10.0,0.0
Hungary,1965,10135490,13.1,10.7,0.0
Hungary,1966,10160380,13.6,10.0,0.0
Hungary,1967,10196926,14.6,10.7,0.0
Hungary,1968,10236282,15.1,11.2,0.0
Hungary,1969,10275347,15.0,11.3,0.9
Hungary,1970,10322099,14.7,11.6,0.0
Hungary,1971,10353721,14.5,11.9,0.0
Hungary,1972,10381352,14.7,11.4,0.0
Hungary,1973,10415626,15.0,11.8,0.0
Hungary,1974,10448484,17.8,12.0,0.0
Hungary,1975,10508956,18.4,12.4,0.0
Hungary,1976,10572094,17.5,12.5,0.0
Hungary,1977,10625259,16.7,12.4,0.0
Hungary,1978,10670802,15.7,13.1,0.0
Hungary,1979,10698841,15.0,12.8,-1.2
Hungary,1980,10709463,13.9,13.6,0.0
Hungary,1981,10712781,13.3,13.5,0.0
Hungary,1982,10710914,12.5,13.5,0.0
Hungary,1983,10700155,11.9,13.9,0.0
Hungary,1984,10678770,11.8,13.8,0.0
Hungary,1985,10657420,12.2,13.9,0.0
Hungary,1986,10640006,12.1,13.8,0.0
Hungary,1987,10621121,11.9,13.4,0.0
Hungary,1988,10604360,11.7,13.2,0.0
Hungary,1989,10588614,11.8,13.8,-18.4
Hungary,1990,10374823,12.1,14.0,1.8
Hungary,1991,10373153,12.3,14.0,1.7
Hungary,1992,10373647,11.7,14.3,1.8
Hungary,1993,10365035,11.3,14.5,1.8
Hungary,1994,10350010,11.2,14.2,1.7
Hungary,1995,10336700,10.8,14.1,1.7
Hungary,1996,10321229,10.2,13.9,1.7
Hungary,1997,10301247,9.8,13.5,1.7
Hungary,1998,10279724,9.5,13.7,1.7
Hungary,1999,10253416,9.2,14.0,1.6
Hungary,2000,10221644,9.6,13.3,1.6
Hungary,2001,10200298,9.5,13.0,1.0
Hungary,2002,10174853,9.5,13.1,0.3
Hungary,2003,10142362,9.3,13.4,1.5
Hungary,2004,10116742,9.4,13.1,1.8
Hungary,2005,10097549,9.7,13.5,1.7
Hungary,2006,10076581,9.9,13.1,2.1
Hungary,2007,10066158,9.7,13.2,1.4
Hungary,2008,10045401,9.9,13.0,1.6
Hungary,2009,10030975,9.6,13.0,1.7
Hungary,2010,10014324,9.0,13.0,1.2
Hungary,2011,9985722,8.8,12.9,1.3
Hungary,2012,9931925,9.1,13.0,1.6
Hungary,2013,9895250,9.1,12.8,-0.8
Hungary,2014,9850217,9.5,12.8,-0.1
Hungary,2015,9815858,9.4,13.4,0.3
Hungary,2016,9779652,9.8,13.0,-0.8
Hungary,2017,9739857,9.7,13.6,1.1
Hungary,2018,9713655,9.6,13.5,2.5
Hungary,2019,9700272,9.6,13.4,2.7
Hungary,2020,9689376,9.7,14.6,1.0
Hungary,2021,9651461,9.8,16.2,2.2
Hungary,2022,9610403,9.3,14.2,3.8
Hungary,2023,9599744,9.1,13.4,2.7
Ireland,1960,2835500,21.5,11.5,-14.8
Ireland,1961,2821700,21.2,12.3,-7.0
Ireland,1962,2827100,21.8,11.9,-3.5
Ireland,1963,2845000,22.2,11.8,-5.0
Ireland,1964,2860300,22.4,11.4,-6.6
Ireland,1965,2872800,22.1,11.5,-7.5
Ireland,1966,2881800,21.5,12.2,-4.5
Ireland,1967,2895800,21.1,10.8,-5.7
Ireland,1968,2909100,20.9,11.4,-5.1
Ireland,1969,2922000,21.5,11.5,-2.7
Ireland,1970,2943300,21.8,11.4,-0.9
Ireland,1971,2971200,22.6,10.7,2.0
Ireland,1972,3012900,22.6,11.3,4.5
Ireland,1973,3060800,22.3,11.1,5.1
Ireland,1974,3111100,22.0,11.1,6.0
Ireland,1975,3163900,21.1,10.4,5.4
Ireland,1976,3215200,20.9,10.5,3.7
Ireland,1977,3260900,21.0,10.2,2.2
Ireland,1978,3303500,21.1,10.2,4.4
Ireland,1979,3354700,21.5,10.0,-0.2
Ireland,1980,3392800,21.7,9.8,-0.2
Ireland,1981,3432800,20.9,9.5,0.3
Ireland,1982,3473200,20.3,9.3,-3.8
Ireland,1983,3498400,19.1,9.4,-2.8
Ireland,1984,3522800,18.1,9.1,-3.6
Ireland,1985,3542046,17.6,9.4,-10.5
Ireland,1986,3534117,17.4,9.5,-4.8
Ireland,1987,3545263,16.5,8.9,-10.6
Ireland,1988,3534850,15.5,9.0,-12.1
Ireland,1989,3515048,14.8,9.1,-8.0
Ireland,1990,3506970,15.1,8.9,-2.2
Ireland,1991,3520977,14.9,8.9,1.4
Ireland,1992,3547492,14.4,8.7,0.5
Ireland,1993,3569367,13.8,9.0,-0.9
Ireland,1994,3583154,13.4,8.6,-0.8
Ireland,1995,3597617,13.5,8.9,1.6
Ireland,1996,3620065,13.9,8.7,4.4
Ireland,1997,3654955,14.4,8.6,4.7
Ireland,1998,3693386,14.5,8.5,4.4
Ireland,1999,3732006,14.4,8.7,6.5
Ireland,2000,3777565,14.4,8.2,8.4
Ireland,2001,3832783,15.0,7.8,10.2
Ireland,2002,3899702,15.4,7.5,8.6
Ireland,2003,3964191,15.4,7.3,8.1
Ireland,2004,4028851,15.2,7.0,12.2
Ireland,2005,4111672,14.8,6.8,15.2
Ireland,2006,4208156,15.3,6.7,22.2
Ireland,2007,4340118,16.2,6.4,16.9
Ireland,2008,4457765,16.7,6.3,3.7
Ireland,2009,4521322,16.7,6.3,-4.2
Ireland,2010,4549428,16.5,6.1,-5.6
Ireland,2011,4570881,16.2,6.2,-5.9
Ireland,2012,4589287,15.6,6.3,-4.8
Ireland,2013,4609779,14.9,6.4,-2.5
Ireland,2014,4637852,14.4,6.3,0.4
Ireland,2015,4677627,13.9,6.4,2.8
Ireland,2016,4726286,13.4,6.4,8.3
Ireland,2017,4799157,12.8,6.3,5.2
Ireland,2018,4855733,12.5,6.4,11.2
Ireland,2019,4940311,11.9,6.2,8.8
Ireland,2020,5012600,11.1,6.4,6.1
Ireland,2021,5066893,11.8,6.7,12.0
Ireland,2022,5154277,10.4,6.7,18.7
Ireland,2023,5271395,10.3,6.6,10.0
Iceland,1960,173855,28.0,6.6,-1.8
Iceland,1961,177292,25.5,7.0,0.9
Iceland,1962,180765,25.8,6.8,-1.3
Iceland,1963,183991,26.0,7.2,-0.9
Iceland,1964,187314,25.3,7.0,-0.7
Iceland,1965,190652,24.6,6.7,-0.8
Iceland,1966,193919,24.0,7.1,0.0
Iceland,1967,197221,22.2,7.0,0.2
Iceland,1968,200281,21.0,6.9,-2.1
Iceland,1969,202695,20.7,7.1,-7.0
Iceland,1970,204042,19.7,7.1,-8.7
Iceland,1971,204834,20.8,7.3,-1.2
Iceland,1972,207361,22.4,6.9,1.5
Iceland,1973,210912,21.7,7.0,-1.5
Iceland,1974,213722,19.9,7.0,0.9
Iceland,1975,216695,20.1,6.5,-1.8
Iceland,1976,219262,19.5,6.1,-5.3
Iceland,1977,221046,18.0,6.5,-4.8
Iceland,1978,222552,18.6,6.4,-3.4
Iceland,1979,224522,19.8,6.6,-2.5
Iceland,1980,226948,19.8,6.8,-2.7
Iceland,1981,229327,18.8,7.2,0.7
Iceland,1982,232182,18.5,6.8,2.6
Iceland,1983,235537,18.4,7.0,0.7
Iceland,1984,238416,17.2,6.6,-1.4
Iceland,1985,240606,16.0,6.8,-2.5
Iceland,1986,242203,16.4,6.6,-1.8
Iceland,1987,244157,16.6,7.0,4.2
Iceland,1988,247561,18.7,7.3,6.0
Iceland,1989,251919,18.0,6.8,-3.9
Iceland,1990,253785,18.7,6.7,-3.9
Iceland,1991,255866,17.6,7.0,4.4
Iceland,1992,259727,17.7,6.6,-0.9
Iceland,1993,262386,17.5,6.6,-0.7
Iceland,1994,265064,16.7,6.5,-3.0
Iceland,1995,266978,16.0,7.2,-5.1
Iceland,1996,267958,16.1,7.0,-2.0
Iceland,1997,269874,15.3,6.8,0.7
Iceland,1998,272381,15.2,6.6,3.6
Iceland,1999,275712,14.8,6.9,4.1
Iceland,2000,279049,15.3,6.5,6.5
Iceland,2001,283361,14.4,6.1,3.0
Iceland,2002,286575,14.1,6.3,-1.2
Iceland,2003,288471,14.3,6.3,-0.7
Iceland,2004,290570,14.5,6.2,2.0
Iceland,2005,293577,14.4,6.2,13.0
Iceland,2006,299891,14.5,6.3,17.3
Iceland,2007,307672,14.6,6.2,16.6
Iceland,2008,315459,15.2,6.3,3.3
Iceland,2009,319368,15.8,6.3,-15.0
Iceland,2010,317630,15.4,6.4,-6.5
Iceland,2011,318452,14.1,6.2,-4.3
Iceland,2012,319575,14.1,6.1,-0.9
Iceland,2013,321857,13.4,6.7,5.1
Iceland,2014,325671,13.4,6.3,3.4
Iceland,2015,329100,12.5,6.6,4.5
Iceland,2016,332529,12.0,6.9,12.2
Iceland,2017,338349,11.9,6.5,24.1
Iceland,2018,348450,12.0,6.4,18.6
Iceland,2019,356991,12.3,6.3,13.8
Iceland,2020,364134,12.3,6.3,6.7
Iceland,2021,368792,13.1,6.3,13.2
Iceland,2022,376248,11.5,7.0,25.7
Iceland,2023,387758,11.0,6.6,24.0
Italy,1960,50025500,18.1,9.6,-1.6
Italy,1961,50373900,18.4,9.3,-2.7
Italy,1962,50698800,18.4,10.0,-1.3
Italy,1963,51060100,18.7,10.1,-1.2
Italy,1964,51443900,19.7,9.5,-1.2
Italy,1965,51906800,19.0,9.9,-1.2
Italy,1966,52317900,18.7,9.4,-1.6
Italy,1967,52720100,17.9,9.6,-1.5
Italy,1968,53080900,17.5,10.0,-1.7
Italy,1969,53390600,17.4,10.1,-1.8
Italy,1970,53685300,16.7,9.7,-2.0
Italy,1971,53958400,16.8,9.7,-2.8
Italy,1972,54188579,16.3,9.6,0.4
Italy,1973,54574111,16.0,10.0,0.5
Italy,1974,54928700,15.8,9.7,0.5
Italy,1975,55293036,14.9,10.0,0.4
Italy,1976,55588966,14.0,9.9,0.5
Italy,1977,55847553,13.2,9.8,0.4
Italy,1978,56063269,12.6,9.6,0.3
Italy,1979,56247017,11.9,9.6,0.2
Italy,1980,56388480,11.3,9.8,0.1
Italy,1981,56479285,11.0,9.7,-0.6
Italy,1982,56524064,10.9,9.5,-0.8
Italy,1983,56563031,10.6,10.0,-0.6
Italy,1984,56565117,10.4,9.5,-0.5
Italy,1985,56588319,10.2,9.7,-0.4
Italy,1986,56597823,9.8,9.6,-0.3
Italy,1987,56594487,9.7,9.4,-0.1
Italy,1988,56609375,10.1,9.5,0.2
Italy,1989,56649201,9.9,9.4,0.3
Italy,1990,56694360,10.0,9.6,0.4
Italy,1991,56744119,9.9,9.7,0.3
Italy,1992,56772923,10.0,9.6,0.4
Italy,1993,56821250,9.7,9.7,0.4
Italy,1994,56842392,9.4,9.7,0.4
Italy,1995,56844408,9.2,9.8,0.5
Italy,1996,56844197,9.3,9.7,1.0
Italy,1997,56876364,9.4,9.8,0.9
Italy,1998,56904379,9.3,10.0,0.7
Italy,1999,56909109,9.4,9.8,0.6
Italy,2000,56923524,9.5,9.8,0.9
Italy,2001,56960692,9.4,9.6,0.8
Italy,2002,56993270,9.4,9.8,3.7
Italy,2003,57186378,9.5,10.2,8.2
Italy,2004,57611990,9.7,9.5,7.2
Italy,2005,58044368,9.5,9.8,4.4
Italy,2006,58288996,9.6,9.6,3.8
Italy,2007,58510725,9.6,9.7,8.5
Italy,2008,59001769,9.7,9.9,7.2
Italy,2009,59420592,9.6,9.9,4.9
Italy,2010,59690316,9.4,9.8,4.7
Italy,2011,59948497,9.1,9.9,3.4
Italy,2012,60105185,8.9,10.2,4.2
Italy,2013,60277309,8.5,10.0,2.6
Italy,2014,60345917,8.3,9.9,0.8
Italy,2015,60295497,8.1,10.8,0.5
Italy,2016,60163712,7.9,10.2,0.7
Italy,2017,60066734,7.6,10.8,1.0
Italy,2018,59937769,7.3,10.5,10.2
Italy,2019,59816673,7.0,10.6,0.7
Italy,2020,59641488,6.8,12.5,-1.2
Italy,2021,59236213,6.8,11.9,1.6
Italy,2022,59030133,6.7,12.1,4.9
Italy,2023,58997201,6.4,11.2,4.6
Liechtenstein,1960,16274,23.1,7.5,5.9
Liechtenstein,1961,16628,21.3,7.8,15.9
Liechtenstein,1962,17125,20.6,9.5,25.3
Liechtenstein,1963,17761,22.0,8.1,22.8
Liechtenstein,1964,18425,20.6,7.9,22.5
Liechtenstein,1965,19085,20.6,8.1,-1.0
Liechtenstein,1966,19304,18.9,7.8,20.1
Liechtenstein,1967,19916,20.4,7.8,13.1
Liechtenstein,1968,20433,20.7,7.1,25.0
Liechtenstein,1969,21237,19.9,8.0,-26.5
Liechtenstein,1970,20930,20.0,7.7,7.6
Liechtenstein,1971,21350,16.2,8.6,15.6
Liechtenstein,1972,21850,16.2,6.7,16.0
Liechtenstein,1973,22414,17.7,7.8,22.7
Liechtenstein,1974,23156,13.9,6.3,17.5
Liechtenstein,1975,23745,12.8,7.5,3.1
Liechtenstein,1976,23947,14.4,7.4,2.2
Liechtenstein,1977,24169,12.6,6.1,15.8
Liechtenstein,1978,24715,12.5,6.5,19.0
Liechtenstein,1979,25340,14.5,6.8,10.6
Liechtenstein,1980,25809,15.4,6.9,-31.8
Liechtenstein,1981,25215,14.4,6.3,27.5
Liechtenstein,1982,26130,14.6,6.4,1.3
Liechtenstein,1983,26380,13.2,5.7,-2.5
Liechtenstein,1984,26512,15.2,6.7,-2.3
Liechtenstein,1985,26680,13.9,6.4,7.2
Liechtenstein,1986,27076,12.9,6.9,5.9
Liechtenstein,1987,27399,13.2,6.5,4.7
Liechtenstein,1988,27714,14.9,7.0,8.8
Liechtenstein,1989,28181,13.2,6.1,2.5
Liechtenstein,1990,28452,13.2,6.8,13.8
Liechtenstein,1991,29032,14.2,6.4,4.3
Liechtenstein,1992,29386,12.7,6.1,9.7
Liechtenstein,1993,29868,13.8,5.9,6.8
Liechtenstein,1994,30310,11.7,6.8,5.5
Liechtenstein,1995,30629,13.8,7.3,3.1
Liechtenstein,1996,30923,13.1,7.4,1.5
Liechtenstein,1997,31143,13.9,7.4,-0.9
Liechtenstein,1998,31320,12.6,6.6,15.9
Liechtenstein,1999,32015,12.4,6.4,6.7
Liechtenstein,2000,32426,12.9,7.3,7.8
Liechtenstein,2001,32863,12.1,6.6,14.5
Liechtenstein,2002,33525,11.7,6.4,4.7
Liechtenstein,2003,33863,10.2,6.4,8.8
Liechtenstein,2004,34294,10.8,5.7,3.8
Liechtenstein,2005,34600,11.0,6.2,4.0
Liechtenstein,2006,34905,10.3,6.3,3.5
Liechtenstein,2007,35168,10.0,6.4,1.8
Liechtenstein,2008,35356,9.9,5.8,2.5
Liechtenstein,2009,35589,11.4,6.4,3.6
Liechtenstein,2010,35894,9.1,6.6,4.6
Liechtenstein,2011,36149,10.9,6.8,4.9
Liechtenstein,2012,36475,9.7,6.1,6.3
Liechtenstein,2013,36838,9.2,6.7,5.4
Liechtenstein,2014,37129,10.0,7.2,3.6
Liechtenstein,2015,37366,8.7,6.7,4.9
Liechtenstein,2016,37622,10.0,7.2,2.1
Liechtenstein,2017,37810,8.9,6.6,5.7
Liechtenstein,2018,38114,9.9,7.2,4.2
Liechtenstein,2019,38378,9.2,6.8,7.2
Liechtenstein,2020,38747,9.1,8.2,7.0
Liechtenstein,2021,39055,9.6,6.9,3.8
Liechtenstein,2022,39308,9.2,7.1,7.2
Liechtenstein,2023,39677,9.1,6.8,6.4
Lithuania,1960,2755600,22.5,7.8,1.8
Lithuania,1961,2801500,22.2,7.9,1.3
Lithuania,1962,2845600,20.9,8.7,0.2
Lithuania,1963,2881100,19.7,8.0,0.6
Lithuania,1964,2916800,19.0,7.4,0.9
Lithuania,1965,2953600,18.1,7.9,1.8
Lithuania,1966,2989300,18.0,7.9,2.3
Lithuania,1967,3026800,17.7,8.1,2.0
Lithuania,1968,3062000,17.6,8.4,1.7
Lithuania,1969,3095700,17.5,8.7,-1.2
Lithuania,1970,3118941,17.7,8.9,4.5
Lithuania,1971,3160437,17.6,8.5,2.6
Lithuania,1972,3197645,17.0,9.1,2.1
Lithuania,1973,3229598,16.0,9.0,2.1
Lithuania,1974,3259277,15.9,9.0,2.1
Lithuania,1975,3288510,15.7,9.5,1.8
Lithuania,1976,3314794,15.7,9.6,2.2
Lithuania,1977,3342533,15.5,9.8,1.7
Lithuania,1978,3367538,15.3,10.1,1.8
Lithuania,1979,3391490,15.3,10.3,-1.3
Lithuania,1980,3404194,15.2,10.5,0.6
Lithuania,1981,3422210,15.2,10.4,1.4
Lithuania,1982,3443684,15.4,10.1,2.6
Lithuania,1983,3470673,16.5,10.5,2.3
Lithuania,1984,3499711,16.4,11.0,2.9
Lithuania,1985,3528698,16.5,11.1,3.5
Lithuania,1986,3560388,16.7,10.0,3.7
Lithuania,1987,3597439,16.4,10.2,4.3
Lithuania,1988,3635295,15.5,10.3,5.6
Lithuania,1989,3674802,15.1,10.4,0.3
Lithuania,1990,3693708,15.4,10.8,-2.4
Lithuania,1991,3701968,15.1,11.1,-2.9
Lithuania,1992,3706299,14.7,11.2,-6.8
Lithuania,1993,3693929,12.9,12.5,-6.5
Lithuania,1994,3671296,11.6,12.7,-6.6
Lithuania,1995,3642991,11.4,12.5,-6.5
Lithuania,1996,3615212,10.8,11.9,-6.5
Lithuania,1997,3588013,10.6,11.5,-6.3
Lithuania,1998,3562261,10.4,11.5,-6.2
Lithuania,1999,3536401,10.3,11.4,-5.9
Lithuania,2000,3512074,9.8,11.1,-5.8
Lithuania,2001,3486998,9.0,11.6,-6.7
Lithuania,2002,3454637,8.6,11.9,-3.4
Lithuania,2003,3431497,8.8,12.0,-6.3
Lithuania,2004,3398929,8.8,12.2,-9.5
Lithuania,2005,3355220,8.9,13.2,-15.4
Lithuania,2006,3289835,9.1,13.7,-7.5
Lithuania,2007,3249983,9.3,14.1,-6.7
Lithuania,2008,3212605,9.9,13.7,-5.1
Lithuania,2009,3183856,10.2,13.3,-10.1
Lithuania,2010,3141976,9.9,13.6,-25.2
Lithuania,2011,3052588,10.0,13.6,-12.6
Lithuania,2012,3003641,10.0,13.7,-6.0
Lithuania,2013,2974637,9.7,14.0,-4.8
Lithuania,2014,2947862,10.0,13.7,-3.5
Lithuania,2015,2926644,10.3,14.4,-6.7
Lithuania,2016,2895573,10.3,14.3,-8.7
Lithuania,2017,2859077,9.8,14.1,-7.3
Lithuania,2018,2826200,9.5,14.0,-0.4
Lithuania,2019,2812200,8.9,13.6,3.9
Lithuania,2020,2809977,8.4,15.5,7.4
Lithuania,2021,2810761,8.3,17.0,7.0
Lithuania,2022,2805998,7.8,15.1,25.5
Lithuania,2023,2857279,7.2,12.9,15.7
Luxembourg,1960,313050,16.0,11.8,1.7
Luxembourg,1961,314889,16.1,11.4,7.6
Luxembourg,1962,318800,16.0,12.6,8.7
Luxembourg,1963,322700,15.8,12.1,5.0
Luxembourg,1964,325500,16.0,11.8,9.5
Luxembourg,1965,330000,16.0,12.2,5.3
Luxembourg,1966,333000,15.6,12.1,1.9
Luxembourg,1967,334790,14.8,12.3,-1.3
Luxembourg,1968,335200,14.0,12.2,2.1
Luxembourg,1969,336500,13.3,12.4,5.0
Luxembourg,1970,338507,13.0,12.2,3.2
Luxembourg,1971,339841,13.0,12.8,14.9
Luxembourg,1972,345000,11.8,11.9,9.3
Luxembourg,1973,348200,10.8,12.0,14.0
Luxembourg,1974,352700,11.1,12.2,14.3
Luxembourg,1975,357400,11.1,12.2,9.7
Luxembourg,1976,360500,10.9,12.5,2.9
Luxembourg,1977,360962,11.2,11.3,2.3
Luxembourg,1978,361753,11.2,11.6,1.7
Luxembourg,1979,362261,11.2,11.0,3.0
Luxembourg,1980,363450,11.4,11.3,3.7
Luxembourg,1981,364850,12.1,11.2,1.2
Luxembourg,1982,365600,11.8,11.3,-0.9
Luxembourg,1983,365450,11.4,11.3,0.8
Luxembourg,1984,365794,11.5,11.1,0.8
Luxembourg,1985,366202,11.2,11.0,2.5
Luxembourg,1986,367210,11.7,10.8,5.3
Luxembourg,1987,369500,11.4,10.8,6.1
Luxembourg,1988,372000,12.3,10.3,5.7
Luxembourg,1989,374900,12.4,10.6,9.9
Luxembourg,1990,379300,12.9,9.9,10.3
Luxembourg,1991,384400,12.9,9.7,10.2
Luxembourg,1992,389600,13.1,10.3,10.3
Luxembourg,1993,394750,13.5,9.8,10.1
Luxembourg,1994,400200,13.5,9.4,9.4
Luxembourg,1995,405650,13.3,9.3,10.6
Luxembourg,1996,411600,13.7,9.4,8.3
Luxembourg,1997,416850,13.1,9.4,8.6
Luxembourg,1998,422050,12.7,9.2,9.0
Luxembourg,1999,427350,13.0,8.8,10.4
Luxembourg,2000,433600,13.1,8.6,7.9
Luxembourg,2001,439000,12.4,8.4,7.5
Luxembourg,2002,444050,12.0,8.4,5.9
Luxembourg,2003,448300,11.7,9.0,12.0
Luxembourg,2004,454960,11.9,7.8,9.6
Luxembourg,2005,461230,11.5,7.8,13.1
Luxembourg,2006,469086,11.7,8.0,11.3
Luxembourg,2007,476187,11.4,8.1,12.5
Luxembourg,2008,483799,11.5,7.4,15.8
Luxembourg,2009,493500,11.3,7.3,13.2
Luxembourg,2010,502066,11.6,7.4,15.1
Luxembourg,2011,511840,10.9,7.4,21.2
Luxembourg,2012,524853,11.3,7.3,18.9
Luxembourg,2013,537039,11.3,7.0,19.0
Luxembourg,2014,549680,10.9,6.9,19.9
Luxembourg,2015,562958,10.7,7.0,19.6
Luxembourg,2016,576249,10.4,6.8,16.2
Luxembourg,2017,590667,10.4,7.1,15.8
Luxembourg,2018,602005,10.3,7.1,16.3
Luxembourg,2019,613894,10.0,6.9,16.6
Luxembourg,2020,626108,10.2,7.3,10.7
Luxembourg,2021,634730,10.5,7.0,13.2
Luxembourg,2022,645397,9.9,6.8,20.5
Luxembourg,2023,660809,9.5,6.6,14.0
Latvia,1960,2104128,16.7,10.0,9.2
Latvia,1961,2137830,16.7,10.1,7.2
Latvia,1962,2167531,16.1,10.8,7.6
Latvia,1963,2195640,15.3,10.3,8.8
Latvia,1964,2226198,14.8,9.4,7.6
Latvia,1965,2255048,13.8,10.1,5.9
Latvia,1966,2276789,14.0,10.2,1.9
Latvia,1967,2289645,14.0,10.6,6.6
Latvia,1968,2312795,14.1,10.8,6.1
Latvia,1969,2334443,14.0,11.2,4.6
Latvia,1970,2351903,14.6,11.3,2.9
Latvia,1971,2366424,14.8,11.1,4.6
Latvia,1972,2386353,14.6,11.4,4.6
Latvia,1973,2404995,14.1,11.6,6.5
Latvia,1974,2426642,14.3,11.5,5.9
Latvia,1975,2447730,14.2,12.2,4.9
Latvia,1976,2464529,14.0,12.3,3.5
Latvia,1977,2477449,13.8,12.4,4.8
Latvia,1978,2492697,13.7,12.5,3.0
Latvia,1979,2503145,13.8,12.8,1.2
Latvia,1980,2508761,14.1,12.8,1.0
Latvia,1981,2514640,14.2,12.7,2.3
Latvia,1982,2524202,14.8,12.3,3.0
Latvia,1983,2537958,15.9,12.7,3.1
Latvia,1984,2554063,15.9,13.0,3.3
Latvia,1985,2570030,15.4,13.2,4.7
Latvia,1986,2587716,16.1,12.0,5.3
Latvia,1987,2612068,16.0,12.2,7.3
Latvia,1988,2641097,15.6,12.2,6.0
Latvia,1989,2665770,14.6,12.2,-1.5
Latvia,1990,2668140,14.2,13.1,-4.9
Latvia,1991,2658161,13.1,13.1,-5.7
Latvia,1992,2643000,12.1,13.5,-20.5
Latvia,1993,2585675,10.4,15.3,-12.6
Latvia,1994,2540904,9.6,16.6,-9.1
Latvia,1995,2500580,8.7,15.7,-5.5
Latvia,1996,2469531,8.1,14.0,-4.1
Latvia,1997,2444912,7.7,13.8,-3.9
Latvia,1998,2420789,7.6,14.2,-2.4
Latvia,1999,2399248,8.1,13.7,-1.7
Latvia,2000,2381715,8.6,13.6,-6.9
Latvia,2001,2353384,8.4,14.1,-8.2
Latvia,2002,2320956,8.7,14.1,-4.0
Latvia,2003,2299390,9.2,14.2,-5.1
Latvia,2004,2276520,9.1,14.2,-6.8
Latvia,2005,2249724,9.8,14.6,-4.9
Latvia,2006,2227874,10.3,14.9,-4.0
Latvia,2007,2208840,10.9,15.0,-3.6
Latvia,2008,2191810,11.2,14.2,-10.3
Latvia,2009,2162834,10.3,14.0,-16.1
Latvia,2010,2120504,9.4,14.3,-17.0
Latvia,2011,2074605,9.1,13.9,-9.7
Latvia,2012,2044813,9.8,14.3,-5.8
Latvia,2013,2023825,10.2,14.3,-7.1
Latvia,2014,2001468,10.9,14.3,-4.3
Latvia,2015,1986096,11.1,14.4,-5.4
Latvia,2016,1968957,11.2,14.6,-6.2
Latvia,2017,1950116,10.7,14.8,-4.0
Latvia,2018,1934379,10.0,15.0,-2.5
Latvia,2019,1919968,9.8,14.5,-1.8
Latvia,2020,1907675,9.2,15.2,-1.7
Latvia,2021,1893223,9.2,18.4,-0.2
Latvia,2022,1875757,8.5,16.4,11.7
Latvia,2023,1883008,7.7,14.9,1.3
Monaco,2004,32828,25.0,15.9,-1.3
Monaco,2005,33085,,,
Moldova,2000,3644070,10.1,11.3,-1.3
Moldova,2001,3635112,10.0,11.0,-1.0
Moldova,2002,3627812,9.9,11.6,-0.9
Moldova,2003,3618312,10.1,11.9,-1.2
Moldova,2004,3607435,10.6,11.6,-1.0
Moldova,2005,3600436,10.5,12.4,-1.0
Moldova,2006,3589936,10.5,12.0,-0.9
Moldova,2007,3581110,10.6,12.0,-0.9
Moldova,2008,3572703,10.9,11.7,-0.6
Moldova,2009,3567512,11.4,11.8,-0.7
Moldova,2010,3563695,11.4,12.2,0.0
Moldova,2011,3560430,11.0,11.0,-0.2
Moldova,2012,3559541,11.1,11.1,0.0
Moldova,2013,3559497,10.6,10.7,-0.5
Moldova,2014,3557634,10.9,11.1,-0.4
Moldova,2015,3555159,12.7,12.4,-221.7
Moldova,2016,2846327,13.2,13.5,-6.9
Moldova,2017,2825628,13.0,13.1,-15.9
Moldova,2018,2780744,12.5,13.5,-17.6
Moldova,2019,2729634,12.0,13.4,-15.1
Moldova,2020,2684772,11.5,15.3,-11.7
Moldova,2021,2643675,11.2,17.5,-24.0
Moldova,2022,2565030,10.6,14.2,-17.0
Moldova,2023,2512758,9.7,13.7,-32.3
Montenegro,2000,603152,15.2,9.0,-1.5
Montenegro,2001,605988,14.6,8.9,-1.5
Montenegro,2002,608460,13.9,9.0,-1.5
Montenegro,2003,610510,13.6,9.3,-1.5
Montenegro,2004,612214,12.8,9.3,-1.5
Montenegro,2005,613420,12.0,9.5,-3.0
Montenegro,2006,613109,12.3,9.7,-0.1
Montenegro,2007,614624,12.7,9.7,-1.5
Montenegro,2008,615543,13.4,9.3,-1.5
Montenegro,2009,617157,14.0,9.5,-1.5
Montenegro,2010,619001,12.0,9.1,-1.5
Montenegro,2011,619850,11.6,9.4,-1.5
Montenegro,2012,620308,12.0,9.5,-1.5
Montenegro,2013,620893,12.0,9.5,-1.5
Montenegro,2014,621521,12.1,9.7,-1.5
Montenegro,2015,622099,11.9,10.2,-1.5
Montenegro,2016,622218,12.2,10.4,-1.5
Montenegro,2017,622387,11.9,10.5,-1.5
Montenegro,2018,622359,11.7,10.5,-1.5
Montenegro,2019,622182,11.6,10.6,-1.5
Montenegro,2020,621873,11.4,11.7,-1.5
Montenegro,2021,620739,11.4,14.8,-1.5
Montenegro,2022,617683,11.4,11.5,-1.5
Montenegro,2023,616695,,,
North Macedonia,1960,1384451,31.7,10.1,-10.8
North Macedonia,1961,1399403,30.0,9.3,-8.0
North Macedonia,1962,1417200,28.4,11.3,-2.3
North Macedonia,1963,1438342,28.5,9.1,-3.4
North Macedonia,1964,1461522,29.1,9.0,-3.2
North Macedonia,1965,1486469,28.3,8.5,-2.1
North Macedonia,1966,1512988,27.2,8.1,-2.2
North Macedonia,1967,1538694,26.3,8.1,-3.0
North Macedonia,1968,1562211,25.5,7.9,-0.4
North Macedonia,1969,1589217,25.2,8.2,0.2
North Macedonia,1970,1616769,23.2,7.6,-0.5
North Macedonia,1971,1641353,22.9,7.5,0.0
North Macedonia,1972,1666798,22.7,7.8,0.1
North Macedonia,1973,1692113,22.0,7.2,-0.2
North Macedonia,1974,1717090,22.2,7.0,-0.3
North Macedonia,1975,1742780,22.5,7.2,0.1
North Macedonia,1976,1769890,22.3,6.9,-0.1
North Macedonia,1977,1797145,21.5,7.1,0.0
North Macedonia,1978,1823151,21.1,6.8,0.0
North Macedonia,1979,1849388,21.1,6.8,1.0
North Macedonia,1980,1878067,21.0,7.2,0.1
North Macedonia,1981,1904570,20.6,7.0,-1.0
North Macedonia,1982,1928856,20.5,7.0,-0.1
North Macedonia,1983,1954972,19.9,7.3,0.2
North Macedonia,1984,1980139,19.5,7.1,-0.1
North Macedonia,1985,2004709,19.2,7.1,0.1
North Macedonia,1986,2029175,18.7,7.1,0.0
North Macedonia,1987,2052953,18.7,7.1,0.1
North Macedonia,1988,2077056,18.1,7.0,-0.1
North Macedonia,1989,2100246,18.1,7.3,-125.1
North Macedonia,1990,1873109,18.8,7.8,-1.6
North Macedonia,1991,1890872,18.3,7.8,-1.0
North Macedonia,1992,1908941,16.7,8.1,67.9
North Macedonia,1993,2061000,16.2,7.8,-70.6
North Macedonia,1994,1936741,17.2,8.1,1.4
North Macedonia,1995,1957265,16.4,8.3,-0.7
North Macedonia,1996,1971687,15.8,8.1,2.2
North Macedonia,1997,1991398,14.8,8.3,-1.0
North Macedonia,1998,2002340,14.6,8.4,-1.0
North Macedonia,1999,2012705,13.5,8.3,-0.8
North Macedonia,2000,2021578,14.5,8.5,-1.2
North Macedonia,2001,2031112,13.3,8.3,-1.3
North Macedonia,2002,2038651,13.7,8.8,-12.2
North Macedonia,2003,2023654,13.3,8.9,-1.4
North Macedonia,2004,2029892,11.5,8.8,-0.1
North Macedonia,2005,2035196,11.0,9.0,-0.4
North Macedonia,2006,2038514,11.1,9.1,-0.3
North Macedonia,2007,2041941,11.1,9.6,0.1
North Macedonia,2008,2045177,11.2,9.3,-0.3
North Macedonia,2009,2048619,11.5,9.3,-0.3
North Macedonia,2010,2052722,11.8,9.3,-0.3
North Macedonia,2011,2057284,11.1,9.5,-0.4
North Macedonia,2012,2059794,11.4,9.8,-0.5
North Macedonia,2013,2062294,11.2,9.3,-0.2
North Macedonia,2014,2065769,11.4,9.5,-0.2
North Macedonia,2015,2069172,11.1,9.9,-0.2
North Macedonia,2016,2071278,11.1,9.9,-0.1
North Macedonia,2017,2073702,10.5,9.8,0.1
North Macedonia,2018,2075301,10.3,9.5,0.1
North Macedonia,2019,2077132,9.6,9.8,-0.1
North Macedonia,2020,2076255,9.2,12.4,-0.4
North Macedonia,2021,2068808,9.5,14.6,-113.6
North Macedonia,2022,1837114,9.9,12.2,-1.5
North Macedonia,2023,1829954,9.2,11.0,-0.1
Malta,1960,327200,26.2,8.6,-21.6
Malta,1965,320600,17.7,9.4,-19.5
Malta,1970,302500,17.6,10.1,-6.4
Malta,1971,302800,18.4,10.2,-8.8
Malta,1975,301892,18.8,9.5,6.0
Malta,1976,306551,18.6,9.7,-14.0
Malta,1977,304997,18.9,9.4,3.3
Malta,1978,308942,18.2,10.5,0.3
Malta,1979,311421,18.6,9.5,3.1
Malta,1980,315262,17.7,10.2,1.2
Malta,1981,318028,16.6,9.6,-1.0
Malta,1982,319936,18.1,9.4,27.8
Malta,1983,331859,17.1,9.5,-15.7
Malta,1984,329189,16.9,8.8,0.4
Malta,1985,331997,16.1,8.4,18.8
Malta,1986,340907,15.3,8.3,0.0
Malta,1987,343334,15.4,8.4,-0.3
Malta,1988,345636,15.9,7.8,1.6
Malta,1989,349014,15.9,7.4,1.3
Malta,1990,352430,15.2,7.8,2.4
Malta,1991,361908,14.6,7.9,4.0
Malta,1992,365781,14.9,7.9,3.0
Malta,1993,369455,13.9,7.3,3.4
Malta,1994,373161,12.9,7.2,3.1
Malta,1995,376433,12.2,7.2,0.2
Malta,1996,378404,13.3,7.3,1.9
Malta,1997,381405,12.7,7.5,2.1
Malta,1998,384176,12.1,7.8,1.5
Malta,1999,386397,11.4,7.9,2.7
Malta,2000,388759,11.3,7.5,3.1
Malta,2001,391415,10.1,7.4,5.5
Malta,2002,394641,9.9,7.6,4.4
Malta,2003,397296,10.2,7.9,4.2
Malta,2004,399867,9.7,7.5,4.8
Malta,2005,402668,9.6,7.8,4.0
Malta,2006,404999,9.3,7.9,0.1
Malta,2007,405616,9.3,7.6,3.8
Malta,2008,407832,9.8,7.9,5.7
Malta,2009,410926,9.8,7.8,5.6
Malta,2010,414027,9.4,7.3,0.2
Malta,2011,414989,10.0,7.8,4.0
Malta,2012,417546,9.8,8.1,10.1
Malta,2013,421464,9.5,7.6,13.9
Malta,2014,428156,9.7,7.5,22.4
Malta,2015,438805,9.7,7.7,22.4
Malta,2016,449635,9.8,7.4,18.9
Malta,2017,459375,9.2,7.6,31.5
Malta,2018,474837,9.2,7.6,35.9
Malta,2019,492968,8.6,7.3,42.1
Malta,2020,514855,8.6,7.9,1.8
Malta,2021,516125,8.5,8.0,7.4
Malta,2022,520174,8.1,8.0,41.0
Malta,2023,542051,8.1,7.3,37.9
Netherlands,1960,11417254,20.8,7.6,-1.1
Netherlands,1961,11556008,21.3,7.6,0.5
Netherlands,1962,11721416,20.9,7.9,1.4
Netherlands,1963,11889962,20.9,8.0,-0.2
Netherlands,1964,12041970,20.7,7.7,1.1
Netherlands,1965,12212269,19.9,8.0,1.4
Netherlands,1966,12377194,19.2,8.1,1.5
Netherlands,1967,12535307,18.9,7.9,-1.0
Netherlands,1968,12661095,18.6,8.2,0.4
Netherlands,1969,12798346,19.2,8.4,1.5
Netherlands,1970,12957621,18.3,8.4,2.5
Netherlands,1971,13119430,17.2,8.4,2.5
Netherlands,1972,13269563,16.1,8.5,1.3
Netherlands,1973,13387623,14.5,8.2,1.4
Netherlands,1974,13491020,13.7,8.1,2.3
Netherlands,1975,13599092,13.0,8.3,5.1
Netherlands,1976,13733578,12.9,8.3,1.3
Netherlands,1977,13814495,12.5,7.9,1.5
Netherlands,1978,13897874,12.6,8.2,1.9
Netherlands,1979,13985526,12.5,8.0,3.1
Netherlands,1980,14091014,12.8,8.1,3.6
Netherlands,1981,14208586,12.5,8.1,1.0
Netherlands,1982,14285829,12.0,8.2,-0.1
Netherlands,1983,14339551,11.8,8.2,0.2
Netherlands,1984,14394589,12.1,8.3,0.3
Netherlands,1985,14453833,12.3,8.5,1.4
Netherlands,1986,14529430,12.7,8.6,1.8
Netherlands,1987,14615125,12.7,8.3,2.4
Netherlands,1988,14714948,12.6,8.4,1.9
Netherlands,1989,14805240,12.7,8.7,1.8
Netherlands,1990,14892574,13.2,8.6,3.3
Netherlands,1991,15010445,13.2,8.6,3.3
Netherlands,1992,15129150,13.0,8.6,2.8
Netherlands,1993,15239182,12.8,9.0,2.9
Netherlands,1994,15341553,12.7,8.7,1.3
Netherlands,1995,15424122,12.3,8.8,1.0
Netherlands,1996,15493889,12.2,8.9,1.4
Netherlands,1997,15567107,12.3,8.7,1.9
Netherlands,1998,15654192,12.7,8.8,2.8
Netherlands,1999,15760225,12.7,8.9,2.8
Netherlands,2000,15863950,13.0,8.8,3.6
Netherlands,2001,15987075,12.6,8.7,3.5
Netherlands,2002,16105285,12.5,8.8,1.7
Netherlands,2003,16192572,12.3,8.7,0.4
Netherlands,2004,16258032,11.9,8.4,-0.6
Netherlands,2005,16305526,11.5,8.4,-1.4
Netherlands,2006,16334210,11.3,8.3,-1.6
Netherlands,2007,16357992,11.1,8.1,-0.1
Netherlands,2008,16405399,11.2,8.2,1.9
Netherlands,2009,16485787,11.2,8.1,2.3
Netherlands,2010,16574989,11.1,8.2,2.0
Netherlands,2011,16655799,10.8,8.1,1.8
Netherlands,2012,16730348,10.5,8.4,0.8
Netherlands,2013,16779575,10.2,8.4,1.2
Netherlands,2014,16829289,10.4,8.3,2.1
Netherlands,2015,16900726,10.1,8.7,3.2
Netherlands,2016,16979120,10.1,8.7,4.6
Netherlands,2017,17081507,9.9,8.8,4.7
Netherlands,2018,17181084,9.8,8.9,5.0
Netherlands,2019,17282163,9.8,8.8,6.2
Netherlands,2020,17407585,9.7,9.7,3.9
Netherlands,2021,17475415,10.2,9.8,6.1
Netherlands,2022,17590672,9.5,9.6,12.6
Netherlands,2023,17811291,9.2,9.5,7.6
Norway,1960,3567707,17.3,9.1,-0.7
Norway,1961,3594771,17.3,9.2,0.2
Norway,1962,3624829,17.1,9.4,0.0
Norway,1963,3653006,17.3,10.0,0.1
Norway,1964,3680068,17.7,9.5,-0.6
Norway,1965,3708609,17.8,9.4,-0.5
Norway,1966,3737726,17.9,9.6,-0.2
Norway,1967,3768298,17.6,9.6,0.5
Norway,1968,3800780,17.6,9.9,0.4
Norway,1969,3832192,17.6,10.1,0.6
Norway,1970,3863221,16.7,10.0,-0.2
Norway,1971,3888305,16.8,10.0,0.7
Norway,1972,3917773,16.3,10.0,1.4
Norway,1973,3948234,15.5,10.1,0.9
Norway,1974,3972990,15.0,9.9,1.1
Norway,1975,3997525,14.1,10.0,0.8
Norway,1976,4017101,13.3,10.0,1.2
Norway,1977,4035202,12.6,9.8,1.2
Norway,1978,4051208,12.8,10.0,1.0
Norway,1979,4066134,12.7,10.2,0.7
Norway,1980,4078900,12.5,10.1,0.9
Norway,1981,4092340,12.4,10.2,1.4
Norway,1982,4107063,12.5,10.1,1.4
Norway,1983,4122511,12.1,10.2,1.0
Norway,1984,4134353,12.1,10.3,0.9
Norway,1985,4145845,12.3,10.7,1.6
Norway,1986,4159187,12.6,10.5,1.8
Norway,1987,4175521,12.9,10.7,3.3
Norway,1988,4198289,13.7,10.8,2.4
Norway,1989,4220686,14.0,10.7,-0.4
Norway,1990,4233116,14.4,10.9,0.4
Norway,1991,4249830,14.3,10.5,1.9
Norway,1992,4273634,14.0,10.4,2.4
Norway,1993,4299167,13.8,10.8,2.9
Norway,1994,4324815,13.9,10.2,1.7
Norway,1995,4348410,13.8,10.4,1.5
Norway,1996,4369957,13.9,10.0,1.3
Norway,1997,4392714,13.6,10.1,2.2
Norway,1998,4417599,13.2,10.0,3.0
Norway,1999,4445329,13.3,10.1,4.3
Norway,2000,4478497,13.2,9.8,2.2
Norway,2001,4503436,12.6,9.7,1.8
Norway,2002,4524066,12.2,9.8,3.8
Norway,2003,4552252,12.4,9.3,2.5
Norway,2004,4577457,12.4,9.0,2.9
Norway,2005,4606363,12.3,8.9,4.0
Norway,2006,4640219,12.6,8.9,5.1
Norway,2007,4681134,12.4,8.9,8.4
Norway,2008,4737171,12.7,8.7,9.1
Norway,2009,4799252,12.8,8.6,8.0
Norway,2010,4858199,12.6,8.5,8.6
Norway,2011,4920305,12.2,8.4,9.4
Norway,2012,4985870,12.0,8.4,9.4
Norway,2013,5051275,11.6,8.1,7.7
Norway,2014,5109056,11.5,7.9,7.4
Norway,2015,5165802,11.3,7.8,5.8
Norway,2016,5213985,11.2,7.8,5.0
Norway,2017,5258317,10.7,7.7,4.1
Norway,2018,5295619,10.4,7.7,3.4
Norway,2019,5328212,10.2,7.6,4.8
Norway,2020,5367580,9.8,7.5,2.1
Norway,2021,5391369,10.4,7.8,3.7
Norway,2022,5425270,9.4,8.4,10.6
Norway,2023,5488984,9.4,7.9,9.6
Poland,1960,29479900,22.6,7.6,-4.4
Poland,1961,29795000,20.9,7.6,-2.1
Poland,1962,30133000,19.8,7.9,-0.3
Poland,1963,30484000,19.2,7.5,3.2
Poland,1964,30940000,18.1,7.6,2.3
Poland,1965,31338900,17.4,7.4,-3.3
Poland,1966,31551000,16.8,7.4,-1.2
Poland,1967,31811000,16.3,7.7,2.4
Poland,1968,32163310,16.3,7.6,-0.6
Poland,1969,32426000,16.4,8.1,-0.7
Poland,1970,32670600,16.8,8.2,-9.0
Poland,1971,32658000,17.2,8.7,-0.9
Poland,1972,32909000,17.5,8.0,-0.6
Poland,1973,33202300,18.0,8.4,-0.3
Poland,1974,33512100,18.5,8.2,-0.4
Poland,1975,33845698,19.0,8.7,-0.3
Poland,1976,34184700,19.6,8.9,-0.7
Poland,1977,34527900,19.2,9.0,-0.9
Poland,1978,34850200,19.1,9.4,-3.2
Poland,1979,35081000,19.6,9.2,-0.9
Poland,1980,35413434,19.6,9.8,-0.7
Poland,1981,35734865,19.0,9.2,-0.7
Poland,1982,36062309,19.5,9.3,-0.9
Poland,1983,36398652,19.8,9.6,-0.7
Poland,1984,36744964,19.0,10.0,-0.4
Poland,1985,37063303,18.3,10.3,-0.5
Poland,1986,37340467,17.0,10.1,-0.7
Poland,1987,37571771,16.1,10.1,-0.9
Poland,1988,37764318,15.6,9.9,-2.6
Poland,1989,37884655,14.9,10.1,-0.7
Poland,1990,38038403,14.4,10.2,-0.3
Poland,1991,38183160,14.3,10.6,-0.4
Poland,1992,38309226,13.4,10.3,-0.3
Poland,1993,38418108,12.9,10.2,-0.4
Poland,1994,38504707,12.5,10.0,-0.5
Poland,1995,38580597,11.2,10.0,-0.5
Poland,1996,38609399,11.1,10.0,-0.3
Poland,1997,38639341,10.7,9.8,-0.3
Poland,1998,38659979,10.2,9.7,-0.3
Poland,1999,38666983,9.9,9.9,-0.4
Poland,2000,38263303,9.9,9.6,-0.5
Poland,2001,38253955,9.6,9.5,-0.4
Poland,2002,38242197,9.3,9.4,-0.5
Poland,2003,38218531,9.2,9.6,-0.4
Poland,2004,38190608,9.3,9.5,-0.2
Poland,2005,38173835,9.5,9.6,-0.3
Poland,2006,38157055,9.8,9.7,-0.9
Poland,2007,38125479,10.2,9.9,-0.5
Poland,2008,38115641,10.9,10.0,-0.4
Poland,2009,38135876,10.9,10.1,0.0
Poland,2010,38022869,10.9,9.9,0.1
Poland,2011,38062718,10.2,9.9,-0.3
Poland,2012,38063792,10.1,10.1,-0.1
Poland,2013,38062535,9.7,10.2,-0.7
Poland,2014,38017856,9.9,9.9,-0.3
Poland,2015,38005614,9.7,10.4,-0.3
Poland,2016,37967209,10.1,10.2,0.3
Poland,2017,37972964,10.6,10.6,0.1
Poland,2018,37976687,10.2,10.9,0.6
Poland,2019,37972812,9.9,10.8,0.5
Poland,2020,37958138,9.4,12.6,0.1
Poland,2021,37073357,9.0,14.0,0.1
Poland,2022,36889761,8.3,12.2,0.2
Poland,2023,36753736,7.4,11.1,0.1
Portugal,1960,8826040,24.1,10.7,-6.3
Portugal,1961,8889392,24.4,11.2,-4.3
Portugal,1962,8969240,24.5,10.8,-8.2
Portugal,1963,9018730,23.5,10.9,-10.1
Portugal,1964,9041980,24.0,10.7,-14.8
Portugal,1965,9028750,23.4,10.6,-19.5
Portugal,1966,8968440,23.2,11.2,-20.4
Portugal,1967,8893540,22.8,10.8,-16.3
Portugal,1968,8855500,22.1,10.7,-15.6
Portugal,1969,8817800,21.7,11.5,-23.8
Portugal,1970,8697610,20.8,10.7,-14.0
Portugal,1971,8663252,21.0,11.4,-14.1
Portugal,1972,8624260,20.2,10.5,-8.3
Portugal,1973,8636600,20.0,11.1,-9.7
Portugal,1974,8629600,19.6,11.1,19.9
Portugal,1975,8879130,19.8,10.8,38.2
Portugal,1976,9307810,20.0,10.9,1.2
Portugal,1977,9403810,19.1,10.2,2.0
Portugal,1978,9507540,17.5,10.1,3.2
Portugal,1979,9608960,16.6,9.6,3.8
Portugal,1980,9713570,16.2,9.7,4.3
Portugal,1981,9819054,15.4,9.7,0.8
Portugal,1982,9883670,15.2,9.3,-0.2
Portugal,1983,9939871,14.5,9.7,-1.2
Portugal,1984,9975859,14.3,9.7,-0.5
Portugal,1985,10016605,13.0,9.7,-1.9
Portugal,1986,10030621,12.6,9.5,-2.7
Portugal,1987,10034846,12.3,9.5,-3.8
Portugal,1988,10025215,12.2,9.8,-3.5
Portugal,1989,10014005,11.8,9.6,-4.1
Portugal,1990,9995995,11.7,10.3,-3.9
Portugal,1991,9970441,11.7,10.4,-3.3
Portugal,1992,9950029,11.5,10.1,-0.9
Portugal,1993,9954958,11.4,10.6,1.1
Portugal,1994,9974391,10.9,9.9,2.4
Portugal,1995,10008659,10.7,10.3,3.1
Portugal,1996,10043693,11.0,10.6,3.7
Portugal,1997,10084196,11.2,10.4,4.1
Portugal,1998,10133758,11.2,10.5,4.5
Portugal,1999,10186634,11.4,10.6,5.3
Portugal,2000,10249022,11.7,10.2,6.5
Portugal,2001,10330774,10.9,10.1,5.4
Portugal,2002,10394669,11.0,10.2,4.0
Portugal,2003,10444592,10.8,10.4,2.4
Portugal,2004,10473050,10.4,9.7,1.4
Portugal,2005,10494672,10.4,10.2,1.5
Portugal,2006,10511988,10.0,9.7,1.6
Portugal,2007,10532588,9.7,9.8,2.1
Portugal,2008,10553339,9.9,9.9,0.9
Portugal,2009,10563014,9.4,9.9,1.5
Portugal,2010,10573479,9.6,10.0,0.4
Portugal,2011,10572721,9.2,9.7,-0.7
Portugal,2012,10558950,8.5,10.2,-3.5
Portugal,2013,10503889,7.9,10.2,-3.4
Portugal,2014,10444092,7.9,10.1,-2.5
Portugal,2015,10395121,8.2,10.5,-0.3
Portugal,2016,10368554,8.4,10.7,-0.1
Portugal,2017,10344478,8.3,10.6,1.4
Portugal,2018,10335770,8.4,10.9,2.3
Portugal,2019,10333496,8.4,10.8,6.5
Portugal,2020,10375395,8.1,11.9,3.4
Portugal,2021,10394297,7.6,12.0,6.9
Portugal,2022,10421117,8.0,11.9,13.0
Portugal,2023,10516621,8.1,11.2,14.7
Romania,1960,18319210,19.1,8.7,-0.9
Romania,1961,18494600,17.5,8.7,-2.2
Romania,1962,18615900,16.2,9.2,-0.4
Romania,1963,18737200,15.7,8.3,-0.9
Romania,1964,18858500,15.2,8.1,-0.7
Romania,1965,18979752,14.6,8.6,-0.6
Romania,1966,19083400,14.2,8.2,7.7
Romania,1967,19347500,27.0,9.2,1.3
Romania,1968,19720984,26.6,9.5,-9.1
Romania,1969,19878678,23.3,10.1,-0.2
Romania,1970,20139603,21.1,9.5,-0.6
Romania,1971,20361192,19.6,9.5,-0.2
Romania,1972,20561942,18.8,9.2,-0.4
Romania,1973,20753972,18.2,9.8,-0.6
Romania,1974,20917390,20.3,9.1,-0.6
Romania,1975,21141468,19.6,9.3,3.9
Romania,1976,21445698,19.4,9.5,0.0
Romania,1977,21657569,19.5,9.6,-0.8
Romania,1978,21854622,19.0,9.7,-0.5
Romania,1979,22048305,18.6,9.8,-4.9
Romania,1980,22132670,18.0,10.4,-0.8
Romania,1981,22281894,17.0,10.0,-0.6
Romania,1982,22424246,15.3,10.0,-0.8
Romania,1983,22527235,14.3,10.4,-0.9
Romania,1984,22593720,15.5,10.3,-1.0
Romania,1985,22687374,15.8,10.9,-0.9
Romania,1986,22778624,16.5,10.6,-0.8
Romania,1987,22895058,16.7,11.1,-0.9
Romania,1988,23003802,16.5,11.0,-0.8
Romania,1989,23111521,16.0,10.7,-1.0
Romania,1990,23211395,13.6,10.6,-3.7
Romania,1991,23192274,12.0,10.9,-17.6
Romania,1992,22810035,11.4,11.6,-1.2
Romania,1993,22778533,11.0,11.6,-0.8
Romania,1994,22748027,10.9,11.7,-0.7
Romania,1995,22712394,10.4,12.0,-0.9
Romania,1996,22656145,10.2,12.7,-0.9
Romania,1997,22581862,10.5,12.4,-0.6
Romania,1998,22526093,10.5,12.0,-0.3
Romania,1999,22488595,10.4,11.8,-0.1
Romania,2000,22455485,10.4,11.4,-0.2
Romania,2001,22430457,10.0,11.7,-25.2
Romania,2002,21833483,9.7,12.4,-6.8
Romania,2003,21627509,9.8,12.4,-2.4
Romania,2004,21521142,10.1,12.1,-4.5
Romania,2005,21382354,10.4,12.3,-4.0
Romania,2006,21257016,10.4,12.2,-4.1
Romania,2007,21130503,10.3,12.1,-21.9
Romania,2008,20635460,10.8,12.3,-8.0
Romania,2009,20440290,10.9,12.6,-5.4
Romania,2010,20294683,10.5,12.8,-2.4
Romania,2011,20199059,9.7,12.5,-2.4
Romania,2012,20095996,10.0,12.7,-1.1
Romania,2013,20020074,9.4,12.4,-0.7
Romania,2014,19947311,10.0,12.8,-1.0
Romania,2015,19870647,10.2,13.2,-2.5
Romania,2016,19760585,10.4,13.1,-3.2
Romania,2017,19643949,10.8,13.4,-3.0
Romania,2018,19533481,10.4,13.6,-2.9
Romania,2019,19414458,10.3,13.4,-1.3
Romania,2020,19328838,10.3,15.5,-1.4
Romania,2021,19201662,10.1,17.5,-0.9
Romania,2022,19042455,9.4,14.3,5.6
Romania,2023,19054548,8.0,12.7,5.2
Serbia,1999,7552850,9.6,13.5,0.6
Serbia,2000,7527952,9.8,13.8,0.9
Serbia,2001,7504739,10.5,13.2,2.4
Serbia,2002,7502126,10.4,13.7,1.8
Serbia,2003,7490918,10.6,13.9,0.6
Serbia,2004,7470263,10.5,14.0,1.6
Serbia,2005,7456050,9.7,14.3,0.5
Serbia,2006,7425487,9.6,13.9,0.5
Serbia,2007,7397651,9.2,13.9,0.3
Serbia,2008,7365507,9.4,14.0,0.4
Serbia,2009,7334937,9.6,14.2,0.7
Serbia,2010,7306677,9.4,14.2,0.6
Serbia,2011,7251549,9.1,14.2,0.3
Serbia,2012,7216649,9.3,14.2,0.0
Serbia,2013,7181505,9.2,14.0,0.0
Serbia,2014,7146759,9.3,14.2,0.3
Serbia,2015,7114393,9.3,14.6,0.0
Serbia,2016,7076372,9.2,14.3,0.0
Serbia,2017,7040272,9.2,14.8,0.0
Serbia,2018,7001444,9.2,14.6,0.0
Serbia,2019,6963764,9.3,14.6,0.0
Serbia,2020,6926705,8.9,16.9,0.0
Serbia,2021,6871547,9.1,20.0,0.0
Serbia,2022,6797105,9.3,16.3,-16.3
Serbia,2023,6641197,9.2,14.7,0.0
Russia,2000,146890128,8.6,15.2,2.5
Russia,2001,146303611,9.0,15.4,2.0
Russia,2002,145649334,9.6,16.0,3.1
Russia,2003,145166731,10.2,16.4,-0.8
Russia,2004,144168205,10.4,16.0,0.7
Russia,2005,143474219,10.2,16.1,0.9
Russia,2006,142753551,10.4,15.2,1.1
Russia,2007,142220968,11.3,14.6,1.8
Russia,2008,142008838,12.1,14.6,1.8
Russia,2009,141903979,12.4,14.2,1.8
Russia,2010,141914509,12.6,14.2,8.3
Russia,2011,142856536,12.6,13.5,2.3
Russia,2012,143056383,,,
Russia,2014,143666931,,,
Sweden,1960,7471345,13.7,10.0,-0.1
Sweden,1961,7497967,13.9,9.8,1.7
Sweden,1962,7542028,14.2,10.2,1.1
Sweden,1963,7581148,14.8,10.1,1.3
Sweden,1964,7627507,16.0,10.0,2.8
Sweden,1965,7695200,15.9,10.1,4.2
Sweden,1966,7772506,15.8,10.0,3.3
Sweden,1967,7843088,15.4,10.1,1.0
Sweden,1968,7892774,14.3,10.4,1.1
Sweden,1969,7931772,13.5,10.5,6.1
Sweden,1970,8004371,13.7,9.9,5.8
Sweden,1971,8081230,14.1,10.2,0.3
Sweden,1972,8115438,13.8,10.3,-1.8
Sweden,1973,8129161,13.5,10.5,-1.2
Sweden,1974,8143463,13.5,10.6,1.2
Sweden,1975,8176447,12.6,10.8,2.0
Sweden,1976,8208427,12.0,11.0,2.4
Sweden,1977,8236144,11.6,10.7,2.8
Sweden,1978,8266936,11.3,10.8,1.7
Sweden,1979,8284261,11.6,11.0,1.6
Sweden,1980,8303094,11.7,11.0,1.2
Sweden,1981,8317967,11.3,11.1,0.4
Sweden,1982,8323038,11.1,10.9,0.3
Sweden,1983,8327488,11.0,10.9,0.3
Sweden,1984,8330577,11.3,10.9,1.0
Sweden,1985,8342633,11.8,11.3,1.3
Sweden,1986,8358139,12.2,11.1,1.8
Sweden,1987,8381519,12.5,11.1,2.5
Sweden,1988,8414089,13.3,11.5,3.5
Sweden,1989,8458888,13.7,10.8,5.2
Sweden,1990,8527039,14.5,11.1,4.1
Sweden,1991,8590630,14.4,11.0,2.9
Sweden,1992,8644120,14.2,10.9,2.3
Sweden,1993,8692013,13.5,11.1,3.7
Sweden,1994,8745109,12.8,10.5,5.8
Sweden,1995,8816381,11.7,10.6,1.3
Sweden,1996,8837496,10.8,10.6,0.7
Sweden,1997,8844499,10.2,10.6,0.7
Sweden,1998,8847625,10.1,10.5,1.2
Sweden,1999,8854322,10.0,10.7,1.5
Sweden,2000,8861426,10.2,10.5,2.7
Sweden,2001,8882792,10.3,10.5,3.2
Sweden,2002,8909128,10.7,10.6,3.5
Sweden,2003,8940788,11.1,10.4,3.2
Sweden,2004,8975670,11.2,10.1,2.8
Sweden,2005,9011392,11.2,10.2,3.0
Sweden,2006,9047752,11.7,10.0,5.6
Sweden,2007,9113257,11.7,10.0,5.9
Sweden,2008,9182927,11.9,9.9,6.0
Sweden,2009,9256347,12.0,9.7,6.7
Sweden,2010,9340682,12.3,9.6,5.3
Sweden,2011,9415570,11.8,9.5,4.8
Sweden,2012,9482855,11.9,9.7,5.4
Sweden,2013,9555893,11.8,9.4,6.9
Sweden,2014,9644864,11.9,9.2,7.9
Sweden,2015,9747355,11.7,9.3,8.1
Sweden,2016,9851017,11.8,9.2,11.9
Sweden,2017,9995153,11.5,9.1,10.1
Sweden,2018,10120242,11.4,9.1,8.5
Sweden,2019,10230185,11.1,8.6,7.0
Sweden,2020,10327589,10.9,9.5,3.5
Sweden,2021,10379295,11.0,8.8,4.9
Sweden,2022,10452326,10.0,9.0,5.6
Sweden,2023,10521556,9.5,9.0,2.3
Slovenia,1960,1580535,17.6,9.6,-2.7
Slovenia,1961,1588904,18.2,8.8,-2.8
Slovenia,1962,1599357,18.1,9.9,-2.9
Slovenia,1963,1607941,18.0,9.3,2.5
Slovenia,1964,1626000,17.9,10.2,-0.1
Slovenia,1965,1638227,18.5,9.7,4.4
Slovenia,1966,1660092,18.5,9.1,2.4
Slovenia,1967,1679717,17.7,9.7,3.6
Slovenia,1968,1699339,16.8,10.2,-0.4
Slovenia,1969,1709752,16.3,10.8,-0.6
Slovenia,1970,1717995,15.9,10.1,2.2
Slovenia,1971,1731787,16.3,10.0,1.3
Slovenia,1972,1744882,16.4,10.4,2.4
Slovenia,1973,1759584,16.7,10.0,1.3
Slovenia,1974,1773809,16.1,9.7,-3.8
Slovenia,1975,1778454,16.6,10.1,10.4
Slovenia,1976,1808707,16.7,10.0,6.0
Slovenia,1977,1831790,16.2,9.6,4.8
Slovenia,1978,1852963,16.3,9.9,3.9
Slovenia,1979,1872133,16.3,9.6,4.5
Slovenia,1980,1893064,15.7,9.9,2.9
Slovenia,1981,1909566,15.3,9.8,-8.7
Slovenia,1982,1903495,15.1,10.3,2.3
Slovenia,1983,1917173,14.1,10.8,2.0
Slovenia,1984,1927469,13.6,10.5,1.7
Slovenia,1985,1936839,13.4,10.2,1.8
Slovenia,1986,1946442,13.0,9.9,16.8
Slovenia,1987,1985486,12.9,10.0,1.4
Slovenia,1988,1994066,12.6,9.6,-1.9
Slovenia,1989,1996325,11.7,9.4,-2.4
Slovenia,1990,1996377,11.2,9.3,-0.1
Slovenia,1991,1999945,10.8,9.7,-1.6
Slovenia,1992,1998912,10.0,9.7,-2.7
Slovenia,1993,1994084,9.9,10.0,-2.2
Slovenia,1994,1989408,9.8,9.7,0.0
Slovenia,1995,1989477,9.5,9.5,0.4
Slovenia,1996,1990266,9.4,9.4,-1.7
Slovenia,1997,1986989,9.1,9.5,-0.7
Slovenia,1998,1984923,9.0,9.6,-2.7
Slovenia,1999,1978334,8.8,9.5,5.4
Slovenia,2000,1987755,9.1,9.3,1.4
Slovenia,2001,1990094,8.8,9.3,2.5
Slovenia,2002,1994026,8.8,9.4,1.1
Slovenia,2003,1995033,8.7,9.7,1.8
Slovenia,2004,1996433,9.0,9.3,0.9
Slovenia,2005,1997590,9.1,9.4,3.2
Slovenia,2006,2003358,9.4,9.1,3.1
Slovenia,2007,2010377,9.8,9.2,7.1
Slovenia,2008,2010269,10.8,9.1,9.2
Slovenia,2009,2032362,10.7,9.2,5.6
Slovenia,2010,2046976,10.9,9.1,-0.3
Slovenia,2011,2050189,10.7,9.1,1.0
Slovenia,2012,2055496,10.7,9.4,0.3
Slovenia,2013,2058821,10.2,9.4,0.2
Slovenia,2014,2061085,10.3,9.2,-0.2
Slovenia,2015,2062874,10.0,9.6,0.2
Slovenia,2016,2064188,9.9,9.5,0.5
Slovenia,2017,2065895,9.8,9.9,0.6
Slovenia,2018,2066880,9.4,9.9,7.2
Slovenia,2019,2080908,9.3,9.9,7.8
Slovenia,2020,2095861,8.9,11.4,8.7
Slovenia,2021,2108977,9.0,11.0,1.2
Slovenia,2022,2107180,8.3,10.6,6.9
Slovenia,2023,2116972,8.0,10.2,5.4
Slovakia,1960,3969682,21.7,7.8,34.4
Slovakia,1961,4166507,20.8,7.5,-1.3
Slovakia,1962,4216827,19.8,8.1,-1.6
Slovakia,1963,4259549,20.4,7.7,-2.2
Slovakia,1964,4304484,20.1,7.6,-1.9
Slovakia,1965,4350198,19.3,8.2,-1.6
Slovakia,1966,4391768,18.5,8.2,-1.2
Slovakia,1967,4431564,17.4,8.0,-1.5
Slovakia,1968,4467170,17.0,8.5,-1.1
Slovakia,1969,4500659,17.7,9.0,-0.7
Slovakia,1970,4536555,17.8,9.3,-7.7
Slovakia,1971,4539890,18.2,9.4,-1.1
Slovakia,1972,4575007,19.1,9.0,-0.7
Slovakia,1973,4618236,20.0,9.4,-0.6
Slovakia,1974,4664653,20.8,9.6,-0.6
Slovakia,1975,4714593,20.6,9.5,-0.7
Slovakia,1976,4763617,20.8,9.5,-0.5
Slovakia,1977,4815396,20.6,9.7,-0.4
Slovakia,1978,4865605,20.5,9.8,-0.7
Slovakia,1979,4914644,20.3,9.7,-0.8
Slovakia,1980,4963301,19.1,10.2,-2.3
Slovakia,1981,4996329,18.6,9.9,-0.8
Slovakia,1982,5035881,18.3,10.0,-0.7
Slovakia,1983,5074316,18.1,10.3,-0.8
Slovakia,1984,5109626,17.7,10.1,-0.8
Slovakia,1985,5144568,17.5,10.2,-0.6
Slovakia,1986,5178967,16.8,10.2,-0.8
Slovakia,1987,5208708,16.1,10.0,-0.7
Slovakia,1988,5236972,15.9,10.0,-0.7
Slovakia,1989,5264220,15.2,10.2,-0.5
Slovakia,1990,5287663,15.1,10.3,-0.4
Slovakia,1991,5310711,14.8,10.3,-7.3
Slovakia,1992,5295877,14.1,10.1,-0.6
Slovakia,1993,5314155,13.8,9.9,0.3
Slovakia,1994,5336455,12.4,9.6,0.9
Slovakia,1995,5356207,11.5,9.8,0.5
Slovakia,1996,5367790,11.2,9.5,0.4
Slovakia,1997,5378932,11.0,9.7,0.3
Slovakia,1998,5387650,10.7,9.9,0.2
Slovakia,1999,5393382,10.4,9.7,0.3
Slovakia,2000,5398657,10.2,9.8,-4.1
Slovakia,2001,5378783,9.5,9.7,0.2
Slovakia,2002,5378951,9.5,9.6,-0.6
Slovakia,2003,5374873,9.6,9.7,-0.5
Slovakia,2004,5371875,10.0,9.7,-0.2
Slovakia,2005,5372685,10.1,10.0,-0.1
Slovakia,2006,5372928,10.0,9.9,-0.1
Slovakia,2007,5373180,10.1,10.0,0.4
Slovakia,2008,5376064,10.7,9.9,0.4
Slovakia,2009,5382401,11.4,9.8,-0.1
Slovakia,2010,5390410,11.2,9.9,-0.9
Slovakia,2011,5392446,11.3,9.6,0.5
Slovakia,2012,5404322,10.3,9.7,0.6
Slovakia,2013,5410836,10.1,9.6,0.4
Slovakia,2014,5415949,10.2,9.5,0.3
Slovakia,2015,5421349,10.3,9.9,0.6
Slovakia,2016,5426252,10.6,9.6,0.7
Slovakia,2017,5435343,10.7,9.9,0.7
Slovakia,2018,5443120,10.6,10.0,0.7
Slovakia,2019,5450421,10.5,9.8,0.7
Slovakia,2020,5457873,10.4,10.8,0.8
Slovakia,2021,5459781,10.4,13.5,-1.5
Slovakia,2022,5434712,9.7,11.0,0.2
Slovakia,2023,5428792,9.0,10.0,0.3
San Marino,2004,29241,10.4,6.3,10.6
San Marino,2005,29673,9.5,7.3,8.7
San Marino,2006,29999,10.0,7.5,9.7
San Marino,2007,30368,9.4,7.2,51.9
San Marino,2008,32054,11.0,6.0,-29.8
San Marino,2009,31269,,,
San Marino,2011,31863,10.0,6.8,43.2
San Marino,2012,33376,8.7,7.1,3.9
San Marino,2013,33562,9.7,7.5,-33.7
San Marino,2018,34453,6.8,7.1,4.2
Trkiye,1960,27119962,,,
Trkiye,1961,27755078,,,
Trkiye,1962,28435197,,,
Trkiye,1963,29162545,,,
Trkiye,1964,29939582,,,
Trkiye,1965,30769013,,,
Trkiye,1966,31499416,,,
Trkiye,1967,32273630,,,
Trkiye,1968,33093700,,,
Trkiye,1969,33961875,,,
Trkiye,1970,34880611,,,
Trkiye,1971,35707058,,,
Trkiye,1972,36582215,,,
Trkiye,1973,37508880,,,
Trkiye,1974,38490106,,,
Trkiye,1975,39529218,,,
Trkiye,1976,40281507,,,
Trkiye,1977,41102443,,,
Trkiye,1978,41996129,,,
Trkiye,1979,42967253,,,
Trkiye,1980,44021146,,,
Trkiye,1981,45023450,,,
Trkiye,1982,46085508,,,
Trkiye,1983,47210448,,,
Trkiye,1984,48401689,,,
Trkiye,1985,49662958,,,
Trkiye,1986,50695548,,,
Trkiye,1987,51791212,,,
Trkiye,1988,52953586,,,
Trkiye,1989,54186642,,,
Trkiye,1990,55494711,,,
Trkiye,1991,56714051,,,
Trkiye,1992,57835076,,,
Trkiye,1993,58958565,,,
Trkiye,1994,60079060,,,
Trkiye,1995,61203584,23.8,7.1,1.7
Trkiye,1996,62337617,23.4,6.7,1.5
Trkiye,1997,63484661,23.1,6.6,1.6
Trkiye,1998,64641675,22.6,6.5,1.5
Trkiye,1999,65786563,21.9,6.4,1.2
Trkiye,2000,66889425,21.1,7.1,-46.8
Trkiye,2001,64729501,20.3,6.9,0.0
Trkiye,2002,65603160,18.6,6.6,0.0
Trkiye,2003,66401851,18.0,6.3,0.1
Trkiye,2004,67187251,18.1,6.1,0.1
Trkiye,2005,68010221,18.2,5.9,0.1
Trkiye,2006,68860539,18.1,5.7,0.2
Trkiye,2007,69729967,18.4,5.6,-0.6
Trkiye,2008,70586256,18.2,5.5,0.4
Trkiye,2009,71517100,17.5,5.4,2.4
Trkiye,2010,72561312,16.9,5.0,3.9
Trkiye,2011,73722988,16.7,5.1,1.8
Trkiye,2012,74724269,17.0,5.4,0.3
Trkiye,2013,75627384,16.8,4.9,1.7
Trkiye,2014,76667864,17.3,5.1,1.0
Trkiye,2015,77695904,16.9,5.2,1.6
Trkiye,2016,78741053,16.5,5.3,2.3
Trkiye,2017,79814871,16.1,5.3,1.6
Trkiye,2018,80810525,15.3,5.2,4.6
Trkiye,2019,82003882,14.3,5.3,4.9
Trkiye,2020,83154997,13.3,,
Trkiye,2021,83614362,12.8,,
Trkiye,2022,84680273,12.2,5.9,0.8
Trkiye,2023,85279553,11.2,6.2,-4.0
Ukraine,2000,49114950,7.9,15.5,-1.6
Ukraine,2001,48663609,7.8,15.4,-1.1
Ukraine,2002,48240902,8.1,15.7,-1.1
Ukraine,2003,47823108,8.6,16.1,-0.5
Ukraine,2004,47442079,9.0,16.1,-0.2
Ukraine,2005,47100462,9.1,16.7,0.1
Ukraine,2006,46749170,9.9,16.3,0.3
Ukraine,2007,46465691,10.2,16.5,0.4
Ukraine,2008,46192309,11.1,16.4,0.3
Ukraine,2009,45963359,11.2,15.4,0.3
Ukraine,2010,45782592,10.9,15.3,0.4
Ukraine,2011,45598179,11.0,14.6,0.4
Ukraine,2012,45453282,11.5,14.6,1.4
Ukraine,2013,45372692,11.1,14.6,0.7
Ukraine,2014,45245894,,,
Ukraine,2015,42759661,9.6,13.9,0.3
Ukraine,2016,42590879,9.3,13.7,0.2
Ukraine,2017,42414905,8.6,13.6,0.3
Ukraine,2018,42216766,8.0,14.0,0.4
Ukraine,2019,41983564,7.4,13.9,0.5
Ukraine,2020,41732779,7.1,14.8,0.2
Ukraine,2021,41418717,,,
Ukraine,2022,40997698,,,
United Kingdom,1960,52200000,17.5,11.5,1.6
United Kingdom,1961,52600000,17.9,12.0,1.7
United Kingdom,1962,53000000,18.3,11.9,3.0
United Kingdom,1963,53500000,18.5,12.2,-0.7
United Kingdom,1964,53800000,18.8,11.3,-0.1
United Kingdom,1965,54200000,18.3,11.6,-1.4
United Kingdom,1966,54496100,17.9,11.8,-0.5
United Kingdom,1967,54800900,17.5,11.2,-1.1
United Kingdom,1968,55086300,17.2,11.9,-0.7
United Kingdom,1969,55337100,16.6,11.9,-0.9
United Kingdom,1970,55546400,16.2,11.8,-0.3
United Kingdom,1971,55780100,16.1,11.5,-0.4
United Kingdom,1972,56012345,14.9,12.0,-0.2
United Kingdom,1973,56159785,13.9,11.9,-0.7
United Kingdom,1974,56229268,13.1,11.9,-1.2
United Kingdom,1975,56230680,12.4,11.8,-0.8
United Kingdom,1976,56220920,12.0,12.1,-0.2
United Kingdom,1977,56203016,11.7,11.7,-0.4
United Kingdom,1978,56183968,12.2,11.9,0.1
United Kingdom,1979,56209039,13.1,12.0,0.3
United Kingdom,1980,56284863,13.4,11.7,-0.6
United Kingdom,1981,56343569,13.0,11.7,-1.6
United Kingdom,1982,56324088,12.8,11.8,-1.4
United Kingdom,1983,56303194,12.8,11.7,-0.1
United Kingdom,1984,56362502,12.9,11.4,0.6
United Kingdom,1985,56481641,13.3,11.9,1.0
United Kingdom,1986,56618895,13.3,11.7,0.5
United Kingdom,1987,56743897,13.7,11.3,-0.3
United Kingdom,1988,56860203,13.8,11.4,0.0
United Kingdom,1989,56996450,13.6,11.5,0.7
United Kingdom,1990,57156972,13.9,11.2,0.4
United Kingdom,1991,57338199,13.8,11.3,0.5
United Kingdom,1992,57511594,13.6,11.0,-0.2
United Kingdom,1993,57649210,13.2,11.4,0.6
United Kingdom,1994,57788017,13.0,10.8,0.6
United Kingdom,1995,57943472,12.6,11.1,1.1
United Kingdom,1996,58094587,12.6,10.9,0.8
United Kingdom,1997,58239312,12.5,10.8,1.0
United Kingdom,1998,58394596,12.3,10.8,1.7
United Kingdom,1999,58579685,11.9,10.8,2.3
United Kingdom,2000,58785246,11.5,10.3,2.4
United Kingdom,2001,58999781,11.3,10.2,2.9
United Kingdom,2002,59239564,11.3,10.2,3.4
United Kingdom,2003,59501394,11.7,10.2,3.5
United Kingdom,2004,59793759,11.9,9.7,4.3
United Kingdom,2005,60182050,12.0,9.6,4.9
United Kingdom,2006,60620361,12.3,9.4,4.5
United Kingdom,2007,61073279,12.6,9.4,4.9
United Kingdom,2008,61571647,12.9,9.4,4.1
United Kingdom,2009,62042343,12.7,9.0,3.8
United Kingdom,2010,62510197,12.9,8.9,4.2
United Kingdom,2011,63022532,12.8,8.7,3.4
United Kingdom,2012,63495088,12.8,8.9,2.6
United Kingdom,2013,63905342,12.1,9.0,3.8
United Kingdom,2014,64351203,12.0,8.8,4.6
United Kingdom,2015,64853393,11.9,9.2,5.4
United Kingdom,2016,65379044,11.8,9.1,4.4
United Kingdom,2017,65844142,11.4,9.2,4.2
United Kingdom,2018,66273576,11.0,9.2,3.9
United Kingdom,2019,66647112,10.7,9.0,4.0
United Kingdom,2020,67025542,,,
